No,Name,Degree,Specialty,Gender,Age,Website,Review_No_HG,Total_score_HG,Trustworthiness,Explains_condition_well,Answers_questions,Time_well_spent,Scheduling,Office_environment,Staff_friendliness,Review_No_vital,Total_score_vital,Easy_appointment,Promptness,Friendly_Staff,Accurate_Diagnosis,Bedside_Manner,Spends_Time,Appropriate_Followup,,Trustworthiness,Explains_condition_well,Answers_questions,Time_well_spent,Scheduling,Office_environment,Staff_friendliness,New_total_score_HG1,New_quality_score_HG,Total_score_HG,difference_HG,,Easy_appointment,Promptness,Friendly_Staff,Accurate_Diagnosis,Bedside_Manner,Spends_Time,Appropriate_Followup,New_total_score_vital1,New_quality_score_vital,Total_score_vital,difference_vital
1,Albert Puerini Jr,MD,Family Medicine,Male,68,1,11,3.2,3.0,3.0,3.0,3.0,3.0,3.0,3.0,6,4.1,2,2,3,3,3,3,3,,0.483,0.483,0.483,0.474,0.447,0.441,0.444,3.255,3,3.2,0.1,,0.298,0.314,0.459,0.504,0.501,0.51,0.492,3.078,2.728723404,4.1,-1.0
2,Alexandra Schultes,MD,Family Medicine,Female,58,1,7,4.4,4.0,4.5,4.0,4.0,5.0,5.0,5.0,6,3.7,4,4,4,4,4,4,4,,0.644,0.7245,0.644,0.632,0.745,0.735,0.74,4.8645,4.483410138,4.4,0.5,,0.596,0.628,0.612,0.672,0.668,0.68,0.656,4.512,4,3.7,0.8
3,Allen Filiberti,MD,Cardiology,Male,52,1,15,3.5,4.0,3.5,4.0,3.5,4.0,4.0,4.0,7,4.3,4,5,5,4,4,4,5,,0.644,0.5635,0.644,0.553,0.596,0.588,0.592,4.1805,3.852995392,3.5,0.7,,0.596,0.785,0.765,0.672,0.668,0.68,0.82,4.986,4.420212766,4.3,0.7
4,Amanda Klein,MD,Family Medicine,Female,49,1,6,5.0,5.0,5.0,5.0,5.0,4.5,4.0,4.0,5,4.0,3,3,3,3,3,3,5,,0.805,0.805,0.805,0.79,0.6705,0.588,0.592,5.0555,4.659447005,5.0,0.1,,0.447,0.471,0.459,0.504,0.501,0.51,0.82,3.712,3.290780142,4.0,-0.3
5,Andrea Arena,MD,Family Medicine,Female,51,1,6,4.3,4.5,4.5,4.5,4.5,5.0,5.0,5.0,6,4.0,5,4,4,5,5,5,5,,0.7245,0.7245,0.7245,0.711,0.745,0.735,0.74,5.1045,4.704608295,4.3,0.8,,0.745,0.628,0.612,0.84,0.835,0.85,0.82,5.33,4.725177305,4.0,1.3
6,Ani Tahmassian,MD,Family Medicine,Female,39,1,7,4.9,5.0,5.0,5.0,5.0,4.5,4.5,4.5,5,4.2,5,4,5,5,5,5,5,,0.805,0.805,0.805,0.79,0.6705,0.6615,0.666,5.203,4.795391705,4.9,0.3,,0.745,0.628,0.765,0.84,0.835,0.85,0.82,5.483,4.860815603,4.2,1.3
7,Anil Gullapalli,MD,Family Medicine,Male,46,1,20,4.7,4.5,4.5,5.0,4.5,4.5,4.5,4.5,12,4.5,4,4,5,4,5,5,4,,0.7245,0.7245,0.805,0.711,0.6705,0.6615,0.666,4.963,4.574193548,4.7,0.3,,0.596,0.628,0.765,0.672,0.835,0.85,0.656,5.002,4.434397163,4.5,0.5
8,Ann Morvai,MD,Family Medicine,Female,57,1,9,4.1,4.0,4.0,4.5,4.5,4.0,4.0,4.5,17,4.2,4,4,4,4,4,4,4,,0.644,0.644,0.7245,0.711,0.596,0.588,0.666,4.5735,4.215207373,4.1,0.5,,0.596,0.628,0.612,0.672,0.668,0.68,0.656,4.512,4,4.2,0.3
9,Anne Barry,DO,Family Medicine,Female,#NULL!,1,38,4.3,4.0,4.5,4.0,4.0,4.5,4.5,4.0,8,4.0,4,4,3,4,5,4,4,,0.644,0.7245,0.644,0.632,0.6705,0.6615,0.592,4.5685,4.210599078,4.3,0.3,,0.596,0.628,0.459,0.672,0.835,0.68,0.656,4.526,4.012411348,4.0,0.5
10,Anne Montes,MD,Family Medicine,Female,42,1,10,3.4,4.0,4.0,3.5,4.0,3.5,3.5,4.0,11,3.8,4,4,4,3,4,4,4,,0.644,0.644,0.5635,0.632,0.5215,0.5145,0.592,4.1115,3.789400922,3.4,0.7,,0.596,0.628,0.612,0.504,0.668,0.68,0.656,4.344,3.85106383,3.8,0.5
11,Anne Marie Treadup,MD,Family Medicine,Female,51,1,28,3.5,4.0,4.0,4.0,4.0,3.0,3.5,3.0,32,4.0,3,3,2,3,4,3,3,,0.644,0.644,0.644,0.632,0.447,0.5145,0.444,3.9695,3.658525346,3.5,0.5,,0.447,0.471,0.306,0.504,0.668,0.51,0.492,3.398,3.012411348,4.0,-0.6
12,Anthony Zwaan,MD,Family Medicine,Male,58,1,6,4.3,4.5,4.0,4.0,4.5,4.5,4.5,4.5,8,3.5,5,4,4,4,4,4,4,,0.7245,0.644,0.644,0.711,0.6705,0.6615,0.666,4.7215,4.351612903,4.3,0.4,,0.745,0.628,0.612,0.672,0.668,0.68,0.656,4.661,4.132092199,3.5,1.2
13,Anthony Marks,MD,Cardiology,Male,61,1,13,5.0,5.0,5.0,5.0,5.0,5.0,5.0,5.0,12,5.0,5,4,4,5,5,5,5,,0.805,0.805,0.805,0.79,0.745,0.735,0.74,5.425,5,5.0,0.4,,0.745,0.628,0.612,0.84,0.835,0.85,0.82,5.33,4.725177305,5.0,0.3
14,Anthony Rocha,MD,Family Medicine,Male,69,1,18,4.1,4.0,4.0,4.0,4.0,4.0,4.5,4.5,29,4.3,4,4,4,3,4,4,4,,0.644,0.644,0.644,0.632,0.596,0.6615,0.666,4.4875,4.1359447,4.1,0.4,,0.596,0.628,0.612,0.504,0.668,0.68,0.656,4.344,3.85106383,4.3,0.0
15,Archie Dickinson Jr,MD,Family Medicine,Male,48,1,6,3.3,3.5,3.5,3.0,4.0,3.5,3.5,3.5,6,4.3,5,5,5,5,5,5,5,,0.5635,0.5635,0.483,0.632,0.5215,0.5145,0.518,3.796,3.498617512,3.3,0.5,,0.745,0.785,0.765,0.84,0.835,0.85,0.82,5.64,5,4.3,1.3
16,Arthur Haffner,MD,Family Medicine,Male,77,1,6,5.0,5.0,5.0,5.0,4.0,5.0,4.5,4.5,7,4.9,5,5,5,5,5,5,5,,0.805,0.805,0.805,0.632,0.745,0.6615,0.666,5.1195,4.71843318,5.0,0.1,,0.745,0.785,0.765,0.84,0.835,0.85,0.82,5.64,5,4.9,0.7
17,Asjad Ali,MD,Family Medicine,Male,42,1,9,3.1,3.0,3.5,3.5,3.5,4.0,4.5,5.0,7,4.4,4,4,4,4,4,4,4,,0.483,0.5635,0.5635,0.553,0.596,0.6615,0.74,4.1605,3.834562212,3.1,1.1,,0.596,0.628,0.612,0.672,0.668,0.68,0.656,4.512,4,4.4,0.1
18,Audrey Tracey,MD,Family Medicine,Female,63,1,25,2.3,2.5,2.5,2.5,2.5,2.5,3.0,2.5,22,3.6,3,3,3,3,3,3,3,,0.4025,0.4025,0.4025,0.395,0.3725,0.441,0.37,2.786,2.567741935,2.3,0.5,,0.447,0.471,0.459,0.504,0.501,0.51,0.492,3.384,3,3.6,-0.2
19,Barbara Jablow,MD,Family Medicine,Female,62,1,21,3.0,3.5,3.0,3.0,3.0,4.5,4.0,4.0,21,3.2,3,3,3,3,2,3,2,,0.5635,0.483,0.483,0.474,0.6705,0.588,0.592,3.854,3.552073733,3.0,0.9,,0.447,0.471,0.459,0.504,0.334,0.51,0.328,3.053,2.706560284,3.2,-0.1
20,Barry Kaye,MD,Family Medicine,Male,68,1,8,3.3,3.5,3.5,3.5,3.5,3.5,4.0,4.0,9,4.6,3,4,4,4,4,4,4,,0.5635,0.5635,0.5635,0.553,0.5215,0.588,0.592,3.945,3.6359447,3.3,0.6,,0.447,0.628,0.612,0.672,0.668,0.68,0.656,4.363,3.867907801,4.6,-0.2
21,Barry Sharaf,MD,Cardiology,Male,62,1,7,3.6,4.0,3.5,3.5,3.5,4.0,5.0,4.0,7,4.3,5,5,5,5,5,5,4,,0.644,0.5635,0.5635,0.553,0.596,0.735,0.592,4.247,3.914285714,3.6,0.6,,0.745,0.785,0.765,0.84,0.835,0.85,0.656,5.476,4.854609929,4.3,1.2
22,Bassem Hanna,MD,Family Medicine,Male,49,1,5,4.2,4.0,4.0,4.0,4.0,4.0,4.0,4.0,11,4.5,4,4,4,4,3,4,4,,0.644,0.644,0.644,0.632,0.596,0.588,0.592,4.34,4,4.2,0.1,,0.596,0.628,0.612,0.672,0.501,0.68,0.656,4.345,3.851950355,4.5,-0.2
23,Bency Louidor-Paulynice,MD,Family Medicine,Female,37,1,8,4.0,4.0,4.0,4.0,4.5,4.5,4.5,4.5,10,4.2,4,5,4,3,3,3,3,,0.644,0.644,0.644,0.711,0.6705,0.6615,0.666,4.641,4.277419355,4.0,0.6,,0.596,0.785,0.612,0.504,0.501,0.51,0.492,4,3.546099291,4.2,-0.2
24,Brenda Geddis-Comrie,MD,Family Medicine,Female,62,1,11,3.3,3.5,3.0,3.0,3.5,4.0,4.5,4.0,20,3.9,3,3,3,4,4,4,4,,0.5635,0.483,0.483,0.553,0.596,0.6615,0.592,3.932,3.623963134,3.3,0.6,,0.447,0.471,0.459,0.672,0.668,0.68,0.656,4.053,3.593085106,3.9,0.2
25,Brett Hurteau,DO,Family Medicine,Male,46,1,20,4.3,4.5,4.5,4.5,4.5,4.0,4.5,4.0,19,4.3,4,4,4,3,4,4,4,,0.7245,0.7245,0.7245,0.711,0.596,0.6615,0.592,4.734,4.363133641,4.3,0.4,,0.596,0.628,0.612,0.504,0.668,0.68,0.656,4.344,3.85106383,4.3,0.0
26,Bruce Churchill,MD,Family Medicine,Male,56,1,8,4.5,4.5,4.5,4.5,5.0,4.0,5.0,4.5,10,5.0,5,4,4,5,5,5,5,,0.7245,0.7245,0.7245,0.79,0.596,0.735,0.666,4.9605,4.571889401,4.5,0.5,,0.745,0.628,0.612,0.84,0.835,0.85,0.82,5.33,4.725177305,5.0,0.3
27,Bruce Smith,MD,Family Medicine,Male,62,1,8,4.0,4.0,4.0,4.0,4.0,4.5,4.5,4.5,15,4.3,4,4,4,3,3,4,3,,0.644,0.644,0.644,0.632,0.6705,0.6615,0.666,4.562,4.204608295,4.0,0.6,,0.596,0.628,0.612,0.504,0.501,0.68,0.492,4.013,3.557624113,4.3,-0.3
28,Caitlin Mann,MD,Family Medicine,Female,48,1,9,4.6,4.5,4.5,4.5,4.5,4.0,4.5,4.0,22,4.5,3,4,4,4,4,4,4,,0.7245,0.7245,0.7245,0.711,0.596,0.6615,0.592,4.734,4.363133641,4.6,0.1,,0.447,0.628,0.612,0.672,0.668,0.68,0.656,4.363,3.867907801,4.5,-0.1
29,Calin Neagoe,MD,Family Medicine,Male,#NULL!,1,8,4.0,4.0,4.0,4.0,4.0,4.0,4.5,4.0,6,4.3,5,5,5,5,5,5,4,,0.644,0.644,0.644,0.632,0.596,0.6615,0.592,4.4135,4.067741935,4.0,0.4,,0.745,0.785,0.765,0.84,0.835,0.85,0.656,5.476,4.854609929,4.3,1.2
30,Carl Turissini,MD,Cardiology,Male,59,1,11,4.3,4.5,4.5,4.5,4.5,4.5,4.5,4.5,5,3.8,3,4,5,5,3,5,3,,0.7245,0.7245,0.7245,0.711,0.6705,0.6615,0.666,4.8825,4.5,4.3,0.6,,0.447,0.628,0.765,0.84,0.501,0.85,0.492,4.523,4.009751773,3.8,0.7
31,Carol Olnick,MD,Family Medicine,Female,56,1,14,1.3,1.5,1.5,1.5,1.5,3.5,4.0,3.0,20,1.5,2,2,2,1,1,1,1,,0.2415,0.2415,0.2415,0.237,0.5215,0.588,0.444,2.515,2.31797235,1.3,1.2,,0.298,0.314,0.306,0.168,0.167,0.17,0.164,1.587,1.406914894,1.5,0.1
32,Carol Savage,MD,Family Medicine,Female,72,1,20,2.5,3.0,3.0,3.0,3.0,2.5,2.5,3.0,26,2.3,2,1,2,1,2,2,2,,0.483,0.483,0.483,0.474,0.3725,0.3675,0.444,3.107,2.86359447,2.5,0.6,,0.298,0.157,0.306,0.168,0.334,0.34,0.328,1.931,1.711879433,2.3,-0.4
33,Cathy Vandenheuvel,MD,Family Medicine,Female,65,1,6,2.3,2.5,3.0,2.5,2.5,3.5,3.5,3.0,6,4.6,4,2,5,4,5,5,5,,0.4025,0.483,0.4025,0.395,0.5215,0.5145,0.444,3.163,2.915207373,2.3,0.9,,0.596,0.314,0.765,0.672,0.835,0.85,0.82,4.852,4.30141844,4.6,0.3
34,Cheryl Divito,DO,Family Medicine,Female,44,1,6,4.0,4.0,4.0,4.0,3.5,3.0,4.5,4.0,16,3.9,3,3,3,3,4,4,3,,0.644,0.644,0.644,0.553,0.447,0.6615,0.592,4.1855,3.857603687,4.0,0.2,,0.447,0.471,0.459,0.504,0.668,0.68,0.492,3.721,3.298758865,3.9,-0.2
35,Christine Mulligan,MD,Family Medicine,Female,#NULL!,1,28,3.4,3.5,3.5,3.5,3.5,3.0,3.5,3.5,7,3.7,5,5,5,5,5,5,5,,0.5635,0.5635,0.5635,0.553,0.447,0.5145,0.518,3.723,3.431336406,3.4,0.3,,0.745,0.785,0.765,0.84,0.835,0.85,0.82,5.64,5,3.7,1.9
36,Christine Hand,MD,Family Medicine,Female,49,1,7,4.0,4.0,4.0,4.0,4.0,4.0,4.0,4.0,11,4.5,3,3,4,4,4,4,4,,0.644,0.644,0.644,0.632,0.596,0.588,0.592,4.34,4,4.0,0.3,,0.447,0.471,0.612,0.672,0.668,0.68,0.656,4.206,3.728723404,4.5,-0.3
37,Christopher Braga,MD,Family Medicine,Male,48,1,15,3.2,3.5,3.5,3.5,3.5,4.5,4.5,4.0,29,3.3,3,3,3,3,3,3,3,,0.5635,0.5635,0.5635,0.553,0.6705,0.6615,0.592,4.1675,3.841013825,3.2,1.0,,0.447,0.471,0.459,0.504,0.501,0.51,0.492,3.384,3,3.3,0.1
38,Christopher Furey,MD,Family Medicine,Male,37,1,16,3.9,4.0,4.5,4.0,4.0,4.0,4.5,4.0,13,3.4,4,3,3,4,4,4,4,,0.644,0.7245,0.644,0.632,0.596,0.6615,0.592,4.494,4.141935484,3.9,0.6,,0.596,0.471,0.459,0.672,0.668,0.68,0.656,4.202,3.725177305,3.4,0.8
39,Christopher Lebo,DO,Family Medicine,Male,65,1,8,4.5,4.5,4.5,4.5,4.5,4.5,4.5,4.5,18,4.4,4,4,4,4,4,3,4,,0.7245,0.7245,0.7245,0.711,0.6705,0.6615,0.666,4.8825,4.5,4.5,0.4,,0.596,0.628,0.612,0.672,0.668,0.51,0.656,4.342,3.84929078,4.4,-0.1
40,Concetta Oteri-Ahmadpour,DO,Family Medicine,Female,43,1,18,3.4,3.5,3.5,3.5,3.5,3.0,3.5,3.0,27,3.5,3,3,3,3,3,3,3,,0.5635,0.5635,0.5635,0.553,0.447,0.5145,0.444,3.649,3.363133641,3.4,0.2,,0.447,0.471,0.459,0.504,0.501,0.51,0.492,3.384,3,3.5,-0.1
41,Constantine Vafidis,MD,Family Medicine,Male,39,1,54,4.2,4.5,4.5,4.5,4.5,4.5,4.5,4.5,61,4.4,4,4,4,4,4,4,4,,0.7245,0.7245,0.7245,0.711,0.6705,0.6615,0.666,4.8825,4.5,4.2,0.7,,0.596,0.628,0.612,0.672,0.668,0.68,0.656,4.512,4,4.4,0.1
42,Craig Gustafson Jr,MD,Family Medicine,Male,63,1,46,2.4,2.5,2.5,2.5,2.5,3.0,3.0,3.0,41,3.5,3,2,3,3,3,3,3,,0.4025,0.4025,0.4025,0.395,0.447,0.441,0.444,2.9345,2.704608295,2.4,0.5,,0.447,0.314,0.459,0.504,0.501,0.51,0.492,3.227,2.860815603,3.5,-0.3
43,Cynthia Horner,MD,Family Medicine,Female,56,1,9,4.1,4.0,4.0,4.0,4.0,4.0,4.0,4.0,8,4.9,4,4,3,5,5,5,5,,0.644,0.644,0.644,0.632,0.596,0.588,0.592,4.34,4,4.1,0.2,,0.596,0.628,0.459,0.84,0.835,0.85,0.82,5.028,4.457446809,4.9,0.1
44,Cynthia Tolbert,MD,Family Medicine,Female,63,1,11,4.0,4.0,4.5,4.5,4.5,4.5,4.5,4.5,10,4.1,3,4,5,4,4,4,4,,0.644,0.7245,0.7245,0.711,0.6705,0.6615,0.666,4.802,4.425806452,4.0,0.8,,0.447,0.628,0.765,0.672,0.668,0.68,0.656,4.516,4.003546099,4.1,0.4
45,Dana Zweig,MD,Family Medicine,Female,63,1,15,3.2,3.5,4.0,4.0,3.5,4.0,4.0,3.5,21,3.8,3,3,3,3,3,3,3,,0.5635,0.644,0.644,0.553,0.596,0.588,0.518,4.1065,3.784792627,3.2,0.9,,0.447,0.471,0.459,0.504,0.501,0.51,0.492,3.384,3,3.8,-0.4
46,Daniel Veno,MD,Family Medicine,Male,58,1,8,2.9,3.0,3.0,3.0,3.0,3.0,3.5,3.0,17,3.8,4,3,4,3,4,3,3,,0.483,0.483,0.483,0.474,0.447,0.5145,0.444,3.3285,3.067741935,2.9,0.4,,0.596,0.471,0.612,0.504,0.668,0.51,0.492,3.853,3.415780142,3.8,0.1
47,Daniel Rosenbaum,MD,Family Medicine,Male,49,1,14,4.6,5.0,5.0,5.0,5.0,4.0,5.0,4.5,14,4.2,4,4,4,4,4,4,4,,0.805,0.805,0.805,0.79,0.596,0.735,0.666,5.202,4.794470046,4.6,0.6,,0.596,0.628,0.612,0.672,0.668,0.68,0.656,4.512,4,4.2,0.3
48,Daniel Shreve,MD,Family Medicine,Male,84,1,17,3.7,4.0,3.5,4.0,3.5,4.0,4.0,3.5,16,3.7,4,4,3,4,3,4,4,,0.644,0.5635,0.644,0.553,0.596,0.588,0.518,4.1065,3.784792627,3.7,0.4,,0.596,0.628,0.459,0.672,0.501,0.68,0.656,4.192,3.716312057,3.7,0.5
49,Daniela Verani,MD,Family Medicine,Female,64,1,16,3.0,3.0,3.0,3.0,3.5,3.5,3.5,3.0,28,3.2,3,3,3,3,3,3,3,,0.483,0.483,0.483,0.553,0.5215,0.5145,0.444,3.482,3.20921659,3.0,0.5,,0.447,0.471,0.459,0.504,0.501,0.51,0.492,3.384,3,3.2,0.2
50,David Rosenfield,MD,Family Medicine,Male,74,1,9,3.8,4.0,4.0,3.5,3.5,4.5,4.0,3.5,6,4.0,3,3,3,3,3,3,4,,0.644,0.644,0.5635,0.553,0.6705,0.588,0.518,4.181,3.853456221,3.8,0.4,,0.447,0.471,0.459,0.504,0.501,0.51,0.656,3.548,3.145390071,4.0,-0.5
51,David Ashley,MD,Family Medicine,Male,56,1,6,5.0,5.0,5.0,5.0,5.0,5.0,5.0,5.0,7,4.7,4,4,4,4,5,4,4,,0.805,0.805,0.805,0.79,0.745,0.735,0.74,5.425,5,5.0,0.4,,0.596,0.628,0.612,0.672,0.835,0.68,0.656,4.679,4.148049645,4.7,0.0
52,David Gilchrist,MD,Family Medicine,Male,39,1,5,5.0,5.0,5.0,5.0,5.0,4.0,5.0,5.0,6,4.8,5,5,4,5,5,4,5,,0.805,0.805,0.805,0.79,0.596,0.735,0.74,5.276,4.862672811,5.0,0.3,,0.745,0.785,0.612,0.84,0.835,0.68,0.82,5.317,4.713652482,4.8,0.5
53,David Carter,MD,Family Medicine,Male,71,1,9,4.2,4.0,4.5,4.5,4.5,4.5,4.5,5.0,11,4.9,5,4,5,5,5,5,5,,0.644,0.7245,0.7245,0.711,0.6705,0.6615,0.74,4.876,4.494009217,4.2,0.7,,0.745,0.628,0.765,0.84,0.835,0.85,0.82,5.483,4.860815603,4.9,0.6
54,David Clark,DO,Family Medicine,Male,57,1,15,3.7,4.0,3.5,3.5,3.5,4.0,4.0,3.5,7,3.9,3,4,4,3,3,3,3,,0.644,0.5635,0.5635,0.553,0.596,0.588,0.518,4.026,3.710599078,3.7,0.3,,0.447,0.628,0.612,0.504,0.501,0.51,0.492,3.694,3.274822695,3.9,-0.2
55,David Coia,DO,Family Medicine,Male,53,1,42,2.2,2.0,2.0,2.0,2.0,2.5,2.5,2.5,31,3.7,3,2,2,3,3,3,2,,0.322,0.322,0.322,0.316,0.3725,0.3675,0.37,2.392,2.204608295,2.2,0.2,,0.447,0.314,0.306,0.504,0.501,0.51,0.328,2.91,2.579787234,3.7,-0.8
56,David Denmark,MD,Cardiology,Male,42,1,5,5.0,5.0,5.0,5.0,5.0,5.0,5.0,5.0,19,4.3,5,4,5,5,5,5,5,,0.805,0.805,0.805,0.79,0.745,0.735,0.74,5.425,5,5.0,0.4,,0.745,0.628,0.765,0.84,0.835,0.85,0.82,5.483,4.860815603,4.3,1.2
57,David Mello,DO,Family Medicine,Male,44,1,6,5.0,5.0,5.0,5.0,5.0,4.5,4.5,5.0,7,3.9,5,5,5,5,5,5,5,,0.805,0.805,0.805,0.79,0.6705,0.6615,0.74,5.277,4.86359447,5.0,0.3,,0.745,0.785,0.765,0.84,0.835,0.85,0.82,5.64,5,3.9,1.7
58,David Spiegelman,MD,Family Medicine,Male,74,1,9,4.6,4.5,4.5,4.5,4.5,5.0,4.0,4.5,10,3.4,3,3,3,3,4,4,3,,0.7245,0.7245,0.7245,0.711,0.745,0.588,0.666,4.8835,4.500921659,4.6,0.3,,0.447,0.471,0.459,0.504,0.668,0.68,0.492,3.721,3.298758865,3.4,0.3
59,Debby Almeida,MD,Family Medicine,Female,43,1,5,4.6,5.0,5.0,5.0,5.0,4.5,4.5,4.0,6,3.8,3,3,3,5,5,5,4,,0.805,0.805,0.805,0.79,0.6705,0.6615,0.592,5.129,4.72718894,4.6,0.5,,0.447,0.471,0.459,0.84,0.835,0.85,0.656,4.558,4.040780142,3.8,0.8
60,Deborah Sullivan,MD,Family Medicine,Female,50,1,11,4.6,4.5,4.5,4.5,4.5,4.5,4.5,4.5,13,4.5,4,4,4,4,4,4,4,,0.7245,0.7245,0.7245,0.711,0.6705,0.6615,0.666,4.8825,4.5,4.6,0.3,,0.596,0.628,0.612,0.672,0.668,0.68,0.656,4.512,4,4.5,0.0
61,Deborah Dennis,MD,Family Medicine,Female,69,1,12,4.7,4.5,4.5,4.5,4.5,4.0,4.0,4.5,21,4.2,3,3,4,4,4,4,4,,0.7245,0.7245,0.7245,0.711,0.596,0.588,0.666,4.7345,4.36359447,4.7,0.0,,0.447,0.471,0.612,0.672,0.668,0.68,0.656,4.206,3.728723404,4.2,0.0
62,Debra Garlin,DO,Family Medicine,Female,45,1,11,2.4,2.5,2.5,2.5,3.0,3.5,3.5,3.5,11,2.9,4,3,4,3,3,3,3,,0.4025,0.4025,0.4025,0.474,0.5215,0.5145,0.518,3.2355,2.98202765,2.4,0.8,,0.596,0.471,0.612,0.504,0.501,0.51,0.492,3.686,3.267730496,2.9,0.8
63,Diane Dubois-Hall,DO,Family Medicine,Female,61,1,8,4.5,4.5,4.5,4.5,4.5,4.5,4.5,4.5,35,4.0,4,4,3,4,4,4,4,,0.7245,0.7245,0.7245,0.711,0.6705,0.6615,0.666,4.8825,4.5,4.5,0.4,,0.596,0.628,0.459,0.672,0.668,0.68,0.656,4.359,3.864361702,4.0,0.4
64,Douglas Burtt,MD,Cardiology,Male,63,1,8,5.0,5.0,5.0,5.0,5.0,5.0,5.0,5.0,24,4.6,4,4,4,4,4,4,4,,0.805,0.805,0.805,0.79,0.745,0.735,0.74,5.425,5,5.0,0.4,,0.596,0.628,0.612,0.672,0.668,0.68,0.656,4.512,4,4.6,-0.1
65,Douglas Dreffer,MD,Family Medicine,Male,49,1,7,4.3,4.0,4.0,4.0,4.0,4.5,4.5,5.0,6,4.3,5,4,4,4,4,4,4,,0.644,0.644,0.644,0.632,0.6705,0.6615,0.74,4.636,4.27281106,4.3,0.3,,0.745,0.628,0.612,0.672,0.668,0.68,0.656,4.661,4.132092199,4.3,0.4
66,Douglas Grogan Jr,MD,Family Medicine,Male,70,1,14,3.4,3.5,3.5,3.5,3.5,3.5,3.5,3.5,17,4.1,4,3,3,4,3,3,4,,0.5635,0.5635,0.5635,0.553,0.5215,0.5145,0.518,3.7975,3.5,3.4,0.4,,0.596,0.471,0.459,0.672,0.501,0.51,0.656,3.865,3.42641844,4.1,-0.2
67,Drew Nahigyan,MD,Family Medicine,Male,62,1,13,4.7,5.0,5.0,5.0,5.0,4.5,5.0,4.0,9,3.7,5,4,5,5,5,4,5,,0.805,0.805,0.805,0.79,0.6705,0.735,0.592,5.2025,4.794930876,4.7,0.5,,0.745,0.628,0.765,0.84,0.835,0.68,0.82,5.313,4.710106383,3.7,1.6
68,Eddison Ramsaran,MD,Interventional Cardiology,Male,56,1,7,5.0,5.0,5.0,5.0,5.0,5.0,5.0,5.0,11,4.3,5,4,4,4,4,4,3,,0.805,0.805,0.805,0.79,0.745,0.735,0.74,5.425,5,5.0,0.4,,0.745,0.628,0.612,0.672,0.668,0.68,0.492,4.497,3.986702128,4.3,0.2
69,Edna Markaddy,MD,Family Medicine,Female,45,1,8,3.5,4.0,3.5,3.5,3.5,4.0,4.5,3.5,8,1.8,3,2,2,2,2,2,2,,0.644,0.5635,0.5635,0.553,0.596,0.6615,0.518,4.0995,3.778341014,3.5,0.6,,0.447,0.314,0.306,0.336,0.334,0.34,0.328,2.405,2.132092199,1.8,0.6
70,Edward Sprague Jr,MD,Family Medicine,Male,65,1,9,4.2,4.5,4.5,4.5,4.5,4.5,4.5,4.5,24,4.8,4,4,4,4,4,4,4,,0.7245,0.7245,0.7245,0.711,0.6705,0.6615,0.666,4.8825,4.5,4.2,0.7,,0.596,0.628,0.612,0.672,0.668,0.68,0.656,4.512,4,4.8,-0.3
71,Elaine Wu,MD,Family Medicine,Female,52,1,13,3.7,3.5,3.5,4.0,4.0,3.5,3.5,3.5,11,3.5,4,3,3,4,4,4,4,,0.5635,0.5635,0.644,0.632,0.5215,0.5145,0.518,3.957,3.647004608,3.7,0.3,,0.596,0.471,0.459,0.672,0.668,0.68,0.656,4.202,3.725177305,3.5,0.7
72,Elisabeth Farnum,MD,Family Medicine,Female,56,1,10,4.6,5.0,5.0,5.0,4.5,4.5,4.5,4.5,21,4.8,5,5,4,5,5,5,5,,0.805,0.805,0.805,0.711,0.6705,0.6615,0.666,5.124,4.722580645,4.6,0.5,,0.745,0.785,0.612,0.84,0.835,0.85,0.82,5.487,4.864361702,4.8,0.7
73,Elizabeth Buchanan,MD,Family Medicine,Female,59,1,10,3.4,3.5,3.5,3.5,4.0,3.0,4.0,3.5,8,4.5,5,5,5,5,5,5,5,,0.5635,0.5635,0.5635,0.632,0.447,0.588,0.518,3.8755,3.571889401,3.4,0.5,,0.745,0.785,0.765,0.84,0.835,0.85,0.82,5.64,5,4.5,1.1
74,Elizabeth Erban,MD,Family Medicine,Female,51,1,15,2.7,3.0,2.5,3.0,2.5,3.0,3.5,3.0,12,3.6,3,3,3,3,3,3,3,,0.483,0.4025,0.483,0.395,0.447,0.5145,0.444,3.169,2.920737327,2.7,0.5,,0.447,0.471,0.459,0.504,0.501,0.51,0.492,3.384,3,3.6,-0.2
75,Elizabeth Fuller,MD,Family Medicine,Female,64,1,9,4.0,4.5,4.0,4.0,4.5,3.5,4.5,4.0,6,3.9,4,5,5,5,5,5,5,,0.7245,0.644,0.644,0.711,0.5215,0.6615,0.592,4.4985,4.146082949,4.0,0.5,,0.596,0.785,0.765,0.84,0.835,0.85,0.82,5.491,4.867907801,3.9,1.6
76,Elizabeth Turnock,MD,Family Medicine,Female,54,1,7,3.4,3.5,3.5,3.5,3.5,3.5,3.5,3.5,15,4.2,3,4,3,4,4,4,3,,0.5635,0.5635,0.5635,0.553,0.5215,0.5145,0.518,3.7975,3.5,3.4,0.4,,0.447,0.628,0.459,0.672,0.668,0.68,0.492,4.046,3.586879433,4.2,-0.2
77,Emily Burns,MD,Family Medicine,Female,47,1,9,4.3,4.5,4.5,5.0,4.5,4.0,4.5,4.0,9,4.4,5,4,4,3,4,4,3,,0.7245,0.7245,0.805,0.711,0.596,0.6615,0.592,4.8145,4.437327189,4.3,0.5,,0.745,0.628,0.612,0.504,0.668,0.68,0.492,4.329,3.837765957,4.4,-0.1
78,Emily Ackerman,MD,Family Medicine,Female,45,1,32,3.5,4.0,4.0,4.0,4.0,3.5,4.0,4.0,73,4.5,4,3,4,4,4,4,4,,0.644,0.644,0.644,0.632,0.5215,0.588,0.592,4.2655,3.931336406,3.5,0.8,,0.596,0.471,0.612,0.672,0.668,0.68,0.656,4.355,3.860815603,4.5,-0.1
79,Farah Khan,MD,Family Medicine,Female,33,1,9,2.8,2.5,3.0,2.5,3.0,2.5,4.0,3.5,42,4.7,4,4,4,4,4,4,4,,0.4025,0.483,0.4025,0.474,0.3725,0.588,0.518,3.2405,2.986635945,2.8,0.4,,0.596,0.628,0.612,0.672,0.668,0.68,0.656,4.512,4,4.7,-0.2
80,Felicia Freilich,MD,Family Medicine,Female,40,1,20,4.3,4.5,4.5,4.5,4.0,4.0,4.0,4.0,12,4.4,5,5,5,5,5,5,5,,0.7245,0.7245,0.7245,0.632,0.596,0.588,0.592,4.5815,4.222580645,4.3,0.3,,0.745,0.785,0.765,0.84,0.835,0.85,0.82,5.64,5,4.4,1.2
81,Francis Sweeney,MD,Family Medicine,Male,48,1,7,3.9,4.0,4.0,4.0,4.0,4.0,4.5,4.5,10,4.4,5,4,5,4,5,5,4,,0.644,0.644,0.644,0.632,0.596,0.6615,0.666,4.4875,4.1359447,3.9,0.6,,0.745,0.628,0.765,0.672,0.835,0.85,0.656,5.151,4.566489362,4.4,0.8
82,Frederic Baker,MD,Family Medicine,Male,56,1,18,3.0,3.5,3.5,3.0,3.5,3.5,3.5,4.0,26,3.3,3,2,3,3,3,3,3,,0.5635,0.5635,0.483,0.553,0.5215,0.5145,0.592,3.791,3.494009217,3.0,0.8,,0.447,0.314,0.459,0.504,0.501,0.51,0.492,3.227,2.860815603,3.3,-0.1
83,Frederick Basilico,MD,Cardiology,Male,70,1,13,4.7,4.5,4.5,4.5,4.5,4.5,4.5,4.5,9,4.3,5,5,5,5,5,5,5,,0.7245,0.7245,0.7245,0.711,0.6705,0.6615,0.666,4.8825,4.5,4.7,0.2,,0.745,0.785,0.765,0.84,0.835,0.85,0.82,5.64,5,4.3,1.3
84,Gary Pransky,MD,Family Medicine,Male,68,1,12,4.5,4.5,4.5,4.5,4.5,4.0,4.5,4.0,11,4.3,3,4,3,4,4,4,4,,0.7245,0.7245,0.7245,0.711,0.596,0.6615,0.592,4.734,4.363133641,4.5,0.2,,0.447,0.628,0.459,0.672,0.668,0.68,0.656,4.21,3.732269504,4.3,-0.1
85,Gerald Marx,MD,Pediatric Cardiology,Male,69,1,6,4.8,5.0,5.0,5.0,5.0,5.0,5.0,5.0,15,4.9,4,4,4,4,4,4,4,,0.805,0.805,0.805,0.79,0.745,0.735,0.74,5.425,5,4.8,0.6,,0.596,0.628,0.612,0.672,0.668,0.68,0.656,4.512,4,4.9,-0.4
86,Geraldine Schick,MD,Family Medicine,Female,39,1,5,5.0,5.0,5.0,5.0,5.0,4.5,5.0,4.5,7,4.6,5,5,5,5,5,5,5,,0.805,0.805,0.805,0.79,0.6705,0.735,0.666,5.2765,4.863133641,5.0,0.3,,0.745,0.785,0.765,0.84,0.835,0.85,0.82,5.64,5,4.6,1.0
87,Gregory Bazylewicz,MD,Family Medicine,Male,70,1,5,4.2,4.0,4.0,4.5,4.5,4.0,5.0,4.5,8,3.3,4,4,4,3,3,3,3,,0.644,0.644,0.7245,0.711,0.596,0.735,0.666,4.7205,4.350691244,4.2,0.5,,0.596,0.628,0.612,0.504,0.501,0.51,0.492,3.843,3.406914894,3.3,0.5
88,Gregory Steinmetz,MD,Family Medicine,Male,47,1,18,3.4,3.5,3.5,3.5,3.5,3.5,3.0,3.5,19,3.4,5,3,4,4,4,4,4,,0.5635,0.5635,0.5635,0.553,0.5215,0.441,0.518,3.724,3.432258065,3.4,0.3,,0.745,0.471,0.612,0.672,0.668,0.68,0.656,4.504,3.992907801,3.4,1.1
89,Gregory Sadovnikoff,MD,Family Medicine,Male,62,1,10,3.5,4.0,3.5,4.0,4.0,4.0,4.5,4.0,11,4.7,4,4,5,4,4,4,4,,0.644,0.5635,0.644,0.632,0.596,0.6615,0.592,4.333,3.993548387,3.5,0.8,,0.596,0.628,0.765,0.672,0.668,0.68,0.656,4.665,4.135638298,4.7,0.0
90,Harry McKinnon Jr,MD,Family Medicine,Male,55,1,9,2.8,3.0,3.0,3.0,3.0,3.5,3.5,3.0,5,1.8,1,1,3,1,1,1,1,,0.483,0.483,0.483,0.474,0.5215,0.5145,0.444,3.403,3.13640553,2.8,0.6,,0.149,0.157,0.459,0.168,0.167,0.17,0.164,1.434,1.271276596,1.8,-0.4
91,Hiromichi Miyashita,MD,Family Medicine,Male,59,1,7,1.0,1.0,1.0,1.0,1.0,2.5,3.5,4.0,10,2.0,3,3,3,1,1,1,1,,0.161,0.161,0.161,0.158,0.3725,0.5145,0.592,2.12,1.953917051,1.0,1.1,,0.447,0.471,0.459,0.168,0.167,0.17,0.164,2.046,1.813829787,2.0,0.0
92,Hope Ring,MD,Family Medicine,Female,52,1,10,4.0,4.5,4.5,4.5,4.5,4.0,4.5,4.5,50,4.5,4,4,4,4,4,4,4,,0.7245,0.7245,0.7245,0.711,0.596,0.6615,0.666,4.808,4.431336406,4.0,0.8,,0.596,0.628,0.612,0.672,0.668,0.68,0.656,4.512,4,4.5,0.0
93,Hugh Taylor,MD,Family Medicine,Male,68,1,8,4.4,4.5,4.5,4.5,4.5,5.0,4.5,3.5,17,3.8,4,3,2,3,3,3,3,,0.7245,0.7245,0.7245,0.711,0.745,0.6615,0.518,4.809,4.432258065,4.4,0.4,,0.596,0.471,0.306,0.504,0.501,0.51,0.492,3.38,2.996453901,3.8,-0.4
94,Igor Palacios,MD,Cardiology,Male,73,1,7,4.1,4.5,4.0,4.5,4.0,4.0,4.5,4.0,9,4.6,4,3,4,3,3,3,3,,0.7245,0.644,0.7245,0.632,0.596,0.6615,0.592,4.5745,4.216129032,4.1,0.5,,0.596,0.471,0.612,0.504,0.501,0.51,0.492,3.686,3.267730496,4.6,-0.9
95,Injil Abu Bakar,MD,Family Medicine,Female,46,1,25,4.6,4.5,4.5,4.5,5.0,4.5,4.5,4.5,37,4.5,4,4,4,4,4,4,4,,0.7245,0.7245,0.7245,0.79,0.6705,0.6615,0.666,4.9615,4.57281106,4.6,0.4,,0.596,0.628,0.612,0.672,0.668,0.68,0.656,4.512,4,4.5,0.0
96,Isaac Pourati,MD,Cardiology,Male,46,1,11,4.6,4.5,4.5,4.5,4.5,5.0,5.0,5.0,16,4.3,4,5,4,4,4,4,3,,0.7245,0.7245,0.7245,0.711,0.745,0.735,0.74,5.1045,4.704608295,4.6,0.5,,0.596,0.785,0.612,0.672,0.668,0.68,0.492,4.505,3.993794326,4.3,0.2
97,Ivan Boyadzhiev,MD,Family Medicine,Male,41,1,11,3.8,4.0,4.0,4.0,4.5,4.0,4.5,4.5,9,4.6,4,5,5,5,5,5,5,,0.644,0.644,0.644,0.711,0.596,0.6615,0.666,4.5665,4.20875576,3.8,0.8,,0.596,0.785,0.765,0.84,0.835,0.85,0.82,5.491,4.867907801,4.6,0.9
98,James Bath,MD,Family Medicine,Male,#NULL!,1,31,4.5,4.5,4.5,4.5,4.5,4.5,4.5,4.5,17,4.6,4,5,4,5,5,5,4,,0.7245,0.7245,0.7245,0.711,0.6705,0.6615,0.666,4.8825,4.5,4.5,0.4,,0.596,0.785,0.612,0.84,0.835,0.85,0.656,5.174,4.586879433,4.6,0.6
99,James Fitzgerald,MD,Family Medicine,Male,47,1,22,4.1,4.0,4.0,4.0,4.5,3.5,4.5,4.0,21,4.3,4,4,4,4,4,4,3,,0.644,0.644,0.644,0.711,0.5215,0.6615,0.592,4.418,4.071889401,4.1,0.3,,0.596,0.628,0.612,0.672,0.668,0.68,0.492,4.348,3.854609929,4.3,0.0
100,James Pease,MD,Family Medicine,Male,71,1,19,3.5,3.5,3.5,3.5,3.5,3.5,3.5,3.0,23,3.5,2,3,2,3,3,3,2,,0.5635,0.5635,0.5635,0.553,0.5215,0.5145,0.444,3.7235,3.431797235,3.5,0.2,,0.298,0.471,0.306,0.504,0.501,0.51,0.328,2.918,2.586879433,3.5,-0.6
101,James Schwartz,MD,Family Medicine,Male,58,1,13,3.5,3.5,4.0,3.5,4.0,4.0,4.0,4.0,9,2.5,3,3,3,2,2,2,2,,0.5635,0.644,0.5635,0.632,0.596,0.588,0.592,4.179,3.851612903,3.5,0.7,,0.447,0.471,0.459,0.336,0.334,0.34,0.328,2.715,2.406914894,2.5,0.2
102,Jason Salter,DO,Family Medicine,Male,42,1,27,4.8,5.0,5.0,5.0,5.0,4.5,5.0,5.0,16,4.0,3,3,3,2,4,3,3,,0.805,0.805,0.805,0.79,0.6705,0.735,0.74,5.3505,4.931336406,4.8,0.6,,0.447,0.471,0.459,0.336,0.668,0.51,0.492,3.383,2.999113475,4.0,-0.6
103,Jeanne Swen,MD,Family Medicine,Female,58,1,8,5.0,5.0,5.0,5.0,5.0,5.0,5.0,5.0,11,5.0,5,5,5,5,5,5,5,,0.805,0.805,0.805,0.79,0.745,0.735,0.74,5.425,5,5.0,0.4,,0.745,0.785,0.765,0.84,0.835,0.85,0.82,5.64,5,5.0,0.6
104,Jeffrey Wilson,MD,Family Medicine,Male,47,1,17,4.1,4.5,4.5,4.5,4.5,4.0,4.5,4.0,38,4.7,4,4,4,4,4,4,4,,0.7245,0.7245,0.7245,0.711,0.596,0.6615,0.592,4.734,4.363133641,4.1,0.6,,0.596,0.628,0.612,0.672,0.668,0.68,0.656,4.512,4,4.7,-0.2
105,Jennifer Buckley,MD,Family Medicine,Female,37,1,9,4.0,4.0,4.5,4.0,4.0,4.5,4.0,4.0,6,4.7,5,5,4,5,5,5,5,,0.644,0.7245,0.644,0.632,0.6705,0.588,0.592,4.495,4.142857143,4.0,0.5,,0.745,0.785,0.612,0.84,0.835,0.85,0.82,5.487,4.864361702,4.7,0.8
106,Jennifer Jameson,MD,Family Medicine,Female,47,1,5,5.0,5.0,5.0,5.0,5.0,5.0,5.0,5.0,5,4.0,5,5,5,5,5,5,5,,0.805,0.805,0.805,0.79,0.745,0.735,0.74,5.425,5,5.0,0.4,,0.745,0.785,0.765,0.84,0.835,0.85,0.82,5.64,5,4.0,1.6
107,Jennifer Madden Jr,MD,Family Medicine,Female,62,1,29,4.0,4.5,4.5,4.0,4.5,4.5,4.5,4.5,12,4.7,4,4,4,4,4,4,4,,0.7245,0.7245,0.644,0.711,0.6705,0.6615,0.666,4.802,4.425806452,4.0,0.8,,0.596,0.628,0.612,0.672,0.668,0.68,0.656,4.512,4,4.7,-0.2
108,Jill Waren,MD,Family Medicine,Female,52,1,12,2.6,3.0,2.5,2.5,2.5,4.0,4.5,4.5,5,4.0,4,4,4,4,4,4,4,,0.483,0.4025,0.4025,0.395,0.596,0.6615,0.666,3.6065,3.323963134,2.6,1.0,,0.596,0.628,0.612,0.672,0.668,0.68,0.656,4.512,4,4.0,0.5
109,Jinnette Abbott,MD,Cardiology,Female,50,1,8,3.8,4.0,4.0,4.0,3.5,3.0,4.5,3.5,11,4.1,4,4,4,4,4,4,4,,0.644,0.644,0.644,0.553,0.447,0.6615,0.518,4.1115,3.789400922,3.8,0.3,,0.596,0.628,0.612,0.672,0.668,0.68,0.656,4.512,4,4.1,0.4
110,Joel Hass,MD,Family Medicine,Male,56,1,23,2.6,3.0,3.0,3.0,3.0,3.5,4.0,3.5,35,3.3,3,3,3,3,3,3,3,,0.483,0.483,0.483,0.474,0.5215,0.588,0.518,3.5505,3.27235023,2.6,1.0,,0.447,0.471,0.459,0.504,0.501,0.51,0.492,3.384,3,3.3,0.1
111,Joey Tryon,DO,Family Medicine,Female,46,1,11,4.7,4.5,4.5,4.5,4.5,4.5,5.0,4.5,31,4.3,4,4,4,4,4,4,4,,0.7245,0.7245,0.7245,0.711,0.6705,0.735,0.666,4.956,4.567741935,4.7,0.3,,0.596,0.628,0.612,0.672,0.668,0.68,0.656,4.512,4,4.3,0.2
112,John Daley,MD,Family Medicine,Male,55,1,7,3.4,3.5,3.5,3.5,3.5,4.0,4.5,4.5,5,2.6,5,2,3,3,3,3,3,,0.5635,0.5635,0.5635,0.553,0.596,0.6615,0.666,4.167,3.840552995,3.4,0.8,,0.745,0.314,0.459,0.504,0.501,0.51,0.492,3.525,3.125,2.6,0.9
113,John Stevenson,MD,Family Medicine,Male,48,1,30,3.6,3.5,4.0,3.5,3.5,4.0,4.5,4.0,10,4.0,3,2,2,3,3,3,2,,0.5635,0.644,0.5635,0.553,0.596,0.6615,0.592,4.1735,3.846543779,3.6,0.6,,0.447,0.314,0.306,0.504,0.501,0.51,0.328,2.91,2.579787234,4.0,-1.1
114,John Wheeler,DO,Family Medicine,Male,50,1,21,4.5,4.5,4.5,4.5,4.5,4.5,4.5,4.5,12,4.8,4,4,4,4,5,5,5,,0.7245,0.7245,0.7245,0.711,0.6705,0.6615,0.666,4.8825,4.5,4.5,0.4,,0.596,0.628,0.612,0.672,0.835,0.85,0.82,5.013,4.444148936,4.8,0.2
115,John Haley,MD,Family Medicine,Male,67,1,13,3.4,3.5,3.5,3.5,3.5,4.0,4.0,4.0,5,4.0,5,5,5,3,3,3,3,,0.5635,0.5635,0.5635,0.553,0.596,0.588,0.592,4.0195,3.704608295,3.4,0.6,,0.745,0.785,0.765,0.504,0.501,0.51,0.492,4.302,3.813829787,4.0,0.3
116,John Kaminski Jr,MD,Family Medicine,Male,64,1,29,3.3,4.0,4.0,4.0,4.0,3.5,4.0,3.0,23,3.6,3,4,4,3,4,4,3,,0.644,0.644,0.644,0.632,0.5215,0.588,0.444,4.1175,3.794930876,3.3,0.8,,0.447,0.628,0.612,0.504,0.668,0.68,0.492,4.031,3.57358156,3.6,0.4
117,Jonathan Thyng,MD,Family Medicine,Male,56,1,5,4.2,5.0,5.0,5.0,5.0,4.5,5.0,5.0,6,5.0,4,4,5,5,5,5,5,,0.805,0.805,0.805,0.79,0.6705,0.735,0.74,5.3505,4.931336406,4.2,1.2,,0.596,0.628,0.765,0.84,0.835,0.85,0.82,5.334,4.728723404,5.0,0.3
118,Jonathan Kilroy,DO,Family Medicine,Male,62,1,11,4.5,4.5,4.5,4.5,4.5,4.5,4.5,4.5,7,3.3,3,3,3,2,3,3,2,,0.7245,0.7245,0.7245,0.711,0.6705,0.6615,0.666,4.8825,4.5,4.5,0.4,,0.447,0.471,0.459,0.336,0.501,0.51,0.328,3.052,2.705673759,3.3,-0.2
119,Jonathan Sixon,MD,Family Medicine,Male,45,1,7,4.4,4.5,4.5,4.5,4.5,4.0,5.0,5.0,16,4.5,4,4,4,4,4,4,4,,0.7245,0.7245,0.7245,0.711,0.596,0.735,0.74,4.9555,4.567281106,4.4,0.6,,0.596,0.628,0.612,0.672,0.668,0.68,0.656,4.512,4,4.5,0.0
120,Jose Ruano,MD,Family Medicine,Male,62,1,7,4.4,4.0,4.5,4.5,4.5,4.0,4.0,4.0,22,3.5,3,3,3,3,3,3,3,,0.644,0.7245,0.7245,0.711,0.596,0.588,0.592,4.58,4.221198157,4.4,0.2,,0.447,0.471,0.459,0.504,0.501,0.51,0.492,3.384,3,3.5,-0.1
121,Joseph Baker Jr,MD,Family Medicine,Male,47,1,13,5.0,5.0,5.0,5.0,5.0,4.5,5.0,4.5,5,5.0,4,4,5,4,5,5,5,,0.805,0.805,0.805,0.79,0.6705,0.735,0.666,5.2765,4.863133641,5.0,0.3,,0.596,0.628,0.765,0.672,0.835,0.85,0.82,5.166,4.579787234,5.0,0.2
122,Joseph Difranza,MD,Family Medicine,Male,65,1,5,3.4,3.5,3.5,3.5,4.0,4.5,4.0,4.5,6,1.3,2,1,1,1,1,1,1,,0.5635,0.5635,0.5635,0.632,0.6705,0.588,0.666,4.247,3.914285714,3.4,0.8,,0.298,0.157,0.153,0.168,0.167,0.17,0.164,1.277,1.132092199,1.3,0.0
123,Joseph Garasic,MD,Cardiology,Male,51,1,9,4.6,4.5,4.5,4.5,4.5,4.5,4.5,4.5,9,5.0,4,5,5,5,4,5,4,,0.7245,0.7245,0.7245,0.711,0.6705,0.6615,0.666,4.8825,4.5,4.6,0.3,,0.596,0.785,0.765,0.84,0.668,0.85,0.656,5.16,4.574468085,5.0,0.2
124,Joseph Jiang,MD,Cardiology,Male,55,1,12,4.4,4.5,4.5,4.5,4.5,4.5,4.5,4.5,10,4.8,4,5,4,5,5,5,5,,0.7245,0.7245,0.7245,0.711,0.6705,0.6615,0.666,4.8825,4.5,4.4,0.5,,0.596,0.785,0.612,0.84,0.835,0.85,0.82,5.338,4.732269504,4.8,0.5
125,Joyce Alves,DO,Family Medicine,Female,58,1,10,3.6,3.5,3.5,3.5,3.5,4.0,4.0,4.0,19,3.0,3,3,3,3,3,3,3,,0.5635,0.5635,0.5635,0.553,0.596,0.588,0.592,4.0195,3.704608295,3.6,0.4,,0.447,0.471,0.459,0.504,0.501,0.51,0.492,3.384,3,3.0,0.4
126,Judith McCole,DO,Family Medicine,Female,59,1,16,3.4,3.5,3.5,3.5,3.5,3.5,3.5,4.0,11,4.4,4,4,4,4,4,4,3,,0.5635,0.5635,0.5635,0.553,0.5215,0.5145,0.592,3.8715,3.568202765,3.4,0.5,,0.596,0.628,0.612,0.672,0.668,0.68,0.492,4.348,3.854609929,4.4,-0.1
127,Karla Christo,MD,Family Medicine,Female,48,1,18,4.2,4.0,4.5,4.0,4.5,4.0,4.5,4.0,21,4.4,4,4,4,4,4,4,4,,0.644,0.7245,0.644,0.711,0.596,0.6615,0.592,4.573,4.214746544,4.2,0.4,,0.596,0.628,0.612,0.672,0.668,0.68,0.656,4.512,4,4.4,0.1
128,Kathleen Sweeney,MD,Family Medicine,Female,56,1,6,3.0,3.0,3.5,2.5,3.0,2.5,2.5,3.5,7,3.9,3,3,5,4,4,4,4,,0.483,0.5635,0.4025,0.474,0.3725,0.3675,0.518,3.181,2.931797235,3.0,0.2,,0.447,0.471,0.765,0.672,0.668,0.68,0.656,4.359,3.864361702,3.9,0.5
129,Kathryn Maier,MD,Family Medicine,Female,38,1,13,3.9,4.0,4.0,4.0,3.5,4.5,4.5,4.5,7,4.8,5,5,5,5,5,5,5,,0.644,0.644,0.644,0.553,0.6705,0.6615,0.666,4.483,4.131797235,3.9,0.6,,0.745,0.785,0.765,0.84,0.835,0.85,0.82,5.64,5,4.8,0.8
130,Keith Lammers,MD,Family Medicine,Male,69,1,9,5.0,5.0,5.0,5.0,5.0,5.0,5.0,5.0,10,4.1,4,4,4,4,5,3,4,,0.805,0.805,0.805,0.79,0.745,0.735,0.74,5.425,5,5.0,0.4,,0.596,0.628,0.612,0.672,0.835,0.51,0.656,4.509,3.997340426,4.1,0.4
131,Kelly Hoye,MD,Family Medicine,Female,56,1,17,3.6,3.5,3.5,3.5,3.5,3.5,3.5,3.5,18,3.2,3,4,3,3,3,3,3,,0.5635,0.5635,0.5635,0.553,0.5215,0.5145,0.518,3.7975,3.5,3.6,0.2,,0.447,0.628,0.459,0.504,0.501,0.51,0.492,3.541,3.139184397,3.2,0.3
132,Kenneth Piva,DO,Family Medicine,Male,63,1,18,4.8,5.0,5.0,5.0,5.0,5.0,5.0,5.0,31,4.7,4,4,4,4,5,4,4,,0.805,0.805,0.805,0.79,0.745,0.735,0.74,5.425,5,4.8,0.6,,0.596,0.628,0.612,0.672,0.835,0.68,0.656,4.679,4.148049645,4.7,0.0
133,Kim Crawford,MD,Family Medicine,Male,64,1,15,3.9,4.0,4.0,4.0,4.0,4.0,4.0,4.0,8,4.4,5,5,5,5,5,5,5,,0.644,0.644,0.644,0.632,0.596,0.588,0.592,4.34,4,3.9,0.4,,0.745,0.785,0.765,0.84,0.835,0.85,0.82,5.64,5,4.4,1.2
134,Kimberly Zeller,MD,Family Medicine,Female,52,1,6,3.8,4.0,4.5,4.5,4.5,3.5,3.5,4.0,18,4.1,4,5,5,5,5,4,4,,0.644,0.7245,0.7245,0.711,0.5215,0.5145,0.592,4.432,4.084792627,3.8,0.6,,0.596,0.785,0.765,0.84,0.835,0.68,0.656,5.157,4.571808511,4.1,1.1
135,Kristen Newsom,MD,Family Medicine,Female,34,1,11,3.3,3.5,3.5,3.5,3.0,3.5,4.0,4.0,20,2.9,4,2,4,2,2,2,2,,0.5635,0.5635,0.5635,0.474,0.5215,0.588,0.592,3.866,3.563133641,3.3,0.6,,0.596,0.314,0.612,0.336,0.334,0.34,0.328,2.86,2.535460993,2.9,0.0
136,Kristen Goodell,MD,Family Medicine,Female,46,1,13,4.4,4.5,4.5,4.5,5.0,4.0,3.5,3.5,13,4.5,4,4,3,4,4,4,4,,0.7245,0.7245,0.7245,0.79,0.596,0.5145,0.518,4.592,4.232258065,4.4,0.2,,0.596,0.628,0.459,0.672,0.668,0.68,0.656,4.359,3.864361702,4.5,-0.1
137,Kristin Schofield,MD,Family Medicine,Female,48,1,5,3.4,4.0,4.0,4.0,3.5,4.0,4.5,4.0,12,4.6,4,4,4,4,4,4,4,,0.644,0.644,0.644,0.553,0.596,0.6615,0.592,4.3345,3.994930876,3.4,0.9,,0.596,0.628,0.612,0.672,0.668,0.68,0.656,4.512,4,4.6,-0.1
138,Kristyn Newhall,ND,Family Medicine,Female,#NULL!,1,21,4.4,4.5,4.5,4.5,4.5,4.0,4.5,4.5,7,5.0,5,5,5,5,5,5,5,,0.7245,0.7245,0.7245,0.711,0.596,0.6615,0.666,4.808,4.431336406,4.4,0.4,,0.745,0.785,0.765,0.84,0.835,0.85,0.82,5.64,5,5.0,0.6
139,Kyle Murray,MD,Family Medicine,Male,60,1,15,3.0,3.0,3.0,3.5,3.0,3.5,3.5,3.5,9,2.0,2,1,3,1,1,2,1,,0.483,0.483,0.5635,0.474,0.5215,0.5145,0.518,3.5575,3.278801843,3.0,0.6,,0.298,0.157,0.459,0.168,0.167,0.34,0.164,1.753,1.554078014,2.0,-0.2
140,Laila Attar,MD,Family Medicine,Female,55,1,26,2.4,3.0,3.0,3.0,3.0,3.0,3.0,2.5,24,2.8,2,2,2,3,3,3,2,,0.483,0.483,0.483,0.474,0.447,0.441,0.37,3.181,2.931797235,2.4,0.8,,0.298,0.314,0.306,0.504,0.501,0.51,0.328,2.761,2.447695035,2.8,0.0
141,Laura Zucker,MD,Family Medicine,Female,54,1,6,3.7,4.0,4.0,4.0,4.0,4.0,4.0,4.0,13,3.4,3,2,3,3,3,3,3,,0.644,0.644,0.644,0.632,0.596,0.588,0.592,4.34,4,3.7,0.6,,0.447,0.314,0.459,0.504,0.501,0.51,0.492,3.227,2.860815603,3.4,-0.2
142,Laurence Gordon,MD,Family Medicine,Male,52,1,8,4.0,4.0,4.0,4.0,4.0,4.0,4.5,4.0,5,3.4,5,4,4,4,5,5,4,,0.644,0.644,0.644,0.632,0.596,0.6615,0.592,4.4135,4.067741935,4.0,0.4,,0.745,0.628,0.612,0.672,0.835,0.85,0.656,4.998,4.430851064,3.4,1.6
143,Laurence Sloss,MD,Cardiology,Male,79,1,13,4.7,4.5,4.5,4.5,4.5,4.5,4.5,4.5,16,4.8,5,4,4,5,5,5,4,,0.7245,0.7245,0.7245,0.711,0.6705,0.6615,0.666,4.8825,4.5,4.7,0.2,,0.745,0.628,0.612,0.84,0.835,0.85,0.656,5.166,4.579787234,4.8,0.4
144,Leah Briones,MD,Family Medicine,Female,52,1,9,3.0,3.0,3.0,3.0,3.0,3.5,4.0,3.5,12,4.2,3,3,4,3,4,4,3,,0.483,0.483,0.483,0.474,0.5215,0.588,0.518,3.5505,3.27235023,3.0,0.6,,0.447,0.471,0.612,0.504,0.668,0.68,0.492,3.874,3.434397163,4.2,-0.3
145,Leah Doret,MD,Family Medicine,Female,42,1,8,4.0,4.0,4.0,4.5,4.5,4.0,5.0,4.5,8,4.5,4,5,5,4,5,5,4,,0.644,0.644,0.7245,0.711,0.596,0.735,0.666,4.7205,4.350691244,4.0,0.7,,0.596,0.785,0.765,0.672,0.835,0.85,0.656,5.159,4.57358156,4.5,0.7
146,Leisa Maxwell,DO,Family Medicine,Female,52,1,8,4.0,4.0,4.0,4.0,4.0,3.5,4.0,4.5,5,3.4,3,5,4,5,5,5,5,,0.644,0.644,0.644,0.632,0.5215,0.588,0.666,4.3395,3.999539171,4.0,0.3,,0.447,0.785,0.612,0.84,0.835,0.85,0.82,5.189,4.600177305,3.4,1.8
147,Linnea Meyer,MD,Family Medicine,Female,56,1,18,4.8,5.0,5.0,5.0,5.0,5.0,5.0,5.0,29,5.0,4,4,4,5,5,5,4,,0.805,0.805,0.805,0.79,0.745,0.735,0.74,5.425,5,4.8,0.6,,0.596,0.628,0.612,0.84,0.835,0.85,0.656,5.017,4.447695035,5.0,0.0
148,Linya Yang,MD,Family Medicine,Female,41,1,13,4.4,4.5,4.5,4.5,4.5,4.0,4.5,4.5,10,4.1,5,4,5,4,5,5,4,,0.7245,0.7245,0.7245,0.711,0.596,0.6615,0.666,4.808,4.431336406,4.4,0.4,,0.745,0.628,0.765,0.672,0.835,0.85,0.656,5.151,4.566489362,4.1,1.1
149,Lisa Denny,MD,Family Medicine,Female,49,1,10,4.2,4.0,4.0,4.0,4.5,4.0,4.0,4.0,7,3.3,3,4,2,2,2,3,2,,0.644,0.644,0.644,0.711,0.596,0.588,0.592,4.419,4.07281106,4.2,0.2,,0.447,0.628,0.306,0.336,0.334,0.51,0.328,2.889,2.561170213,3.3,-0.4
150,Lisa Rembetsy-Brown,MD,Family Medicine,Female,59,1,13,4.1,4.0,4.0,4.5,4.5,3.0,4.5,3.5,6,4.3,3,3,4,4,4,4,3,,0.644,0.644,0.7245,0.711,0.447,0.6615,0.518,4.35,4.00921659,4.1,0.3,,0.447,0.471,0.612,0.672,0.668,0.68,0.492,4.042,3.583333333,4.3,-0.3
151,Lucia Dias-Hoff,MD,Family Medicine,Female,57,1,22,1.5,1.5,1.5,1.5,2.0,2.0,2.5,2.0,18,2.4,2,2,2,2,2,2,2,,0.2415,0.2415,0.2415,0.316,0.298,0.3675,0.296,2.002,1.84516129,1.5,0.5,,0.298,0.314,0.306,0.336,0.334,0.34,0.328,2.256,2,2.4,-0.1
152,Lucille Vega,MD,Family Medicine,Female,49,1,9,4.6,5.0,4.5,4.5,4.5,4.0,4.5,4.5,17,4.0,3,4,3,3,4,4,3,,0.805,0.7245,0.7245,0.711,0.596,0.6615,0.666,4.8885,4.505529954,4.6,0.3,,0.447,0.628,0.459,0.504,0.668,0.68,0.492,3.878,3.437943262,4.0,-0.1
153,Lydia Bennett,MD,Family Medicine,Female,56,1,20,2.3,2.5,2.5,2.0,2.5,3.0,3.0,3.0,32,3.3,3,3,4,3,2,3,3,,0.4025,0.4025,0.322,0.395,0.447,0.441,0.444,2.854,2.630414747,2.3,0.6,,0.447,0.471,0.612,0.504,0.334,0.51,0.492,3.37,2.987588652,3.3,0.1
154,Mai Phan,MD,Family Medicine,Female,59,1,17,1.7,2.0,2.0,2.0,2.0,3.0,3.0,3.0,16,2.6,3,3,3,2,2,2,2,,0.322,0.322,0.322,0.316,0.447,0.441,0.444,2.614,2.40921659,1.7,0.9,,0.447,0.471,0.459,0.336,0.334,0.34,0.328,2.715,2.406914894,2.6,0.1
155,Manuela Mendes,MD,Family Medicine,Female,57,1,17,2.1,2.5,2.5,2.5,2.5,2.0,3.0,2.0,12,3.5,1,1,1,3,2,3,3,,0.4025,0.4025,0.4025,0.395,0.298,0.441,0.296,2.6375,2.430875576,2.1,0.5,,0.149,0.157,0.153,0.504,0.334,0.51,0.492,2.299,2.038120567,3.5,-1.2
156,Margaret Sun,MD,Family Medicine,Female,61,1,15,4.7,5.0,4.5,5.0,5.0,4.5,4.0,4.5,17,4.7,4,4,4,4,5,5,4,,0.805,0.7245,0.805,0.79,0.6705,0.588,0.666,5.049,4.653456221,4.7,0.3,,0.596,0.628,0.612,0.672,0.835,0.85,0.656,4.849,4.298758865,4.7,0.1
157,Margaret Shelly,MD,Family Medicine,Female,77,1,7,1.3,1.5,1.5,1.5,2.0,2.5,2.0,1.5,17,2.7,4,3,3,3,3,3,2,,0.2415,0.2415,0.2415,0.316,0.3725,0.294,0.222,1.929,1.777880184,1.3,0.6,,0.596,0.471,0.459,0.504,0.501,0.51,0.328,3.369,2.986702128,2.7,0.7
158,Maria Boylan,DO,Family Medicine,Female,35,1,7,3.3,2.5,2.5,2.5,3.0,2.5,3.0,3.5,12,4.7,3,3,4,4,4,4,4,,0.4025,0.4025,0.4025,0.474,0.3725,0.441,0.518,3.013,2.776958525,3.3,-0.3,,0.447,0.471,0.612,0.672,0.668,0.68,0.656,4.206,3.728723404,4.7,-0.5
159,Marichi Ong,MD,Family Medicine,Female,48,1,6,3.0,3.5,3.0,3.0,4.0,4.0,4.0,4.0,6,3.2,4,4,5,5,5,5,4,,0.5635,0.483,0.483,0.632,0.596,0.588,0.592,3.9375,3.629032258,3.0,0.9,,0.596,0.628,0.765,0.84,0.835,0.85,0.656,5.17,4.583333333,3.2,2.0
160,Marie Walsh Condon,MD,Family Medicine,Female,47,1,16,4.3,5.0,5.0,5.0,4.5,4.5,4.5,4.5,12,4.8,5,4,5,5,5,5,5,,0.805,0.805,0.805,0.711,0.6705,0.6615,0.666,5.124,4.722580645,4.3,0.8,,0.745,0.628,0.765,0.84,0.835,0.85,0.82,5.483,4.860815603,4.8,0.7
161,Marisa Bochman,MD,Family Medicine,Female,53,1,17,3.8,3.5,4.0,4.0,4.0,3.5,3.5,3.5,16,4.1,3,3,4,3,4,4,4,,0.5635,0.644,0.644,0.632,0.5215,0.5145,0.518,4.0375,3.721198157,3.8,0.2,,0.447,0.471,0.612,0.504,0.668,0.68,0.656,4.038,3.579787234,4.1,-0.1
162,Mark Rosenberg,MD,Family Medicine,Male,49,1,31,4.5,4.5,4.5,4.5,4.5,4.5,4.5,4.5,35,4.7,4,3,4,4,4,4,4,,0.7245,0.7245,0.7245,0.711,0.6705,0.6615,0.666,4.8825,4.5,4.5,0.4,,0.596,0.471,0.612,0.672,0.668,0.68,0.656,4.355,3.860815603,4.7,-0.3
163,Mark Bright,MD,Family Medicine,Male,67,1,10,2.8,3.0,3.0,2.5,3.0,3.0,4.0,3.5,9,3.6,4,3,4,4,3,3,3,,0.483,0.483,0.4025,0.474,0.447,0.588,0.518,3.3955,3.129493088,2.8,0.6,,0.596,0.471,0.612,0.672,0.501,0.51,0.492,3.854,3.416666667,3.6,0.3
164,Mark Timmerman,MD,Family Medicine,Male,63,1,13,3.7,4.0,4.5,4.5,4.5,3.5,4.0,3.5,14,4.3,4,3,3,4,4,4,4,,0.644,0.7245,0.7245,0.711,0.5215,0.588,0.518,4.4315,4.084331797,3.7,0.7,,0.596,0.471,0.459,0.672,0.668,0.68,0.656,4.202,3.725177305,4.3,-0.1
165,Marla Hansel,MD,Family Medicine,Female,35,1,7,4.4,4.0,4.5,4.0,4.0,4.5,4.5,4.5,5,3.8,4,4,5,4,5,5,4,,0.644,0.7245,0.644,0.632,0.6705,0.6615,0.666,4.6425,4.278801843,4.4,0.2,,0.596,0.628,0.765,0.672,0.835,0.85,0.656,5.002,4.434397163,3.8,1.2
166,Marla Onishi,MD,Family Medicine,Female,61,1,5,4.2,4.0,4.0,4.0,4.0,3.5,4.0,4.0,7,4.4,2,3,4,4,4,4,4,,0.644,0.644,0.644,0.632,0.5215,0.588,0.592,4.2655,3.931336406,4.2,0.1,,0.298,0.471,0.612,0.672,0.668,0.68,0.656,4.057,3.596631206,4.4,-0.3
167,Marney Roemmelt,MD,Family Medicine,Female,50,1,6,4.3,4.5,4.5,5.0,5.0,4.5,4.5,4.5,12,4.1,4,5,5,4,5,5,5,,0.7245,0.7245,0.805,0.79,0.6705,0.6615,0.666,5.042,4.647004608,4.3,0.7,,0.596,0.785,0.765,0.672,0.835,0.85,0.82,5.323,4.718971631,4.1,1.2
168,Marta Onyskiv,MD,Family Medicine,Female,53,1,16,1.8,2.0,2.0,2.0,2.0,2.5,3.0,2.5,14,2.4,2,2,2,2,2,2,2,,0.322,0.322,0.322,0.316,0.3725,0.441,0.37,2.4655,2.27235023,1.8,0.7,,0.298,0.314,0.306,0.336,0.334,0.34,0.328,2.256,2,2.4,-0.1
169,Martha McLoughlin,MD,Family Medicine,Female,40,1,24,2.7,3.0,3.0,2.5,2.5,3.5,4.0,3.5,9,4.1,4,3,2,3,3,3,3,,0.483,0.483,0.4025,0.395,0.5215,0.588,0.518,3.391,3.125345622,2.7,0.7,,0.596,0.471,0.306,0.504,0.501,0.51,0.492,3.38,2.996453901,4.1,-0.7
170,Martin Devine,MD,Family Medicine,Male,55,1,13,4.8,5.0,5.0,5.0,5.0,4.5,5.0,4.5,26,4.8,4,4,4,5,5,5,5,,0.805,0.805,0.805,0.79,0.6705,0.735,0.666,5.2765,4.863133641,4.8,0.5,,0.596,0.628,0.612,0.84,0.835,0.85,0.82,5.181,4.593085106,4.8,0.4
171,Mary Sherlock,DO,Family Medicine,Female,52,1,9,4.1,4.0,4.0,4.0,4.0,4.0,4.5,4.5,14,3.9,3,3,4,3,4,4,3,,0.644,0.644,0.644,0.632,0.596,0.6615,0.666,4.4875,4.1359447,4.1,0.4,,0.447,0.471,0.612,0.504,0.668,0.68,0.492,3.874,3.434397163,3.9,0.0
172,Mary Merkel,DO,Family Medicine,Female,48,1,11,4.6,5.0,4.5,4.5,4.5,4.5,4.5,4.5,7,4.4,3,4,4,4,4,4,4,,0.805,0.7245,0.7245,0.711,0.6705,0.6615,0.666,4.963,4.574193548,4.6,0.4,,0.447,0.628,0.612,0.672,0.668,0.68,0.656,4.363,3.867907801,4.4,0.0
173,Matthew Salisbury,MD,Family Medicine,Male,54,1,21,4.6,4.5,4.5,4.5,4.5,4.0,4.5,4.0,29,3.8,3,3,3,4,4,3,3,,0.7245,0.7245,0.7245,0.711,0.596,0.6615,0.592,4.734,4.363133641,4.6,0.1,,0.447,0.471,0.459,0.672,0.668,0.51,0.492,3.719,3.296985816,3.8,-0.1
174,Mayumi Chatani-Hinze,MD,Family Medicine,Female,45,1,13,4.3,4.5,4.5,4.5,4.5,4.5,4.5,5.0,14,4.1,4,4,4,4,4,4,4,,0.7245,0.7245,0.7245,0.711,0.6705,0.6615,0.74,4.9565,4.568202765,4.3,0.7,,0.596,0.628,0.612,0.672,0.668,0.68,0.656,4.512,4,4.1,0.4
175,Mazhar Jakhro,MD,Family Medicine,Male,46,1,15,3.4,3.5,3.5,3.5,3.5,4.0,4.5,4.0,7,2.9,3,2,3,2,1,2,1,,0.5635,0.5635,0.5635,0.553,0.596,0.6615,0.592,4.093,3.77235023,3.4,0.7,,0.447,0.314,0.459,0.336,0.167,0.34,0.164,2.227,1.97429078,2.9,-0.7
176,Meenakshi Kumar,MD,Family Medicine,Female,46,1,14,3.5,4.0,4.0,3.5,3.5,3.5,4.0,4.0,6,4.2,4,5,5,5,5,5,5,,0.644,0.644,0.5635,0.553,0.5215,0.588,0.592,4.106,3.784331797,3.5,0.6,,0.596,0.785,0.765,0.84,0.835,0.85,0.82,5.491,4.867907801,4.2,1.3
177,Megan Collyer,MD,Family Medicine,Female,48,1,18,4.6,5.0,5.0,5.0,5.0,5.0,5.0,4.5,23,4.4,4,4,3,4,4,4,4,,0.805,0.805,0.805,0.79,0.745,0.735,0.666,5.351,4.931797235,4.6,0.8,,0.596,0.628,0.459,0.672,0.668,0.68,0.656,4.359,3.864361702,4.4,0.0
178,Melissa Duxbury,MD,Family Medicine,Female,48,1,14,4.1,4.5,4.5,4.5,4.0,4.0,4.5,4.5,16,4.5,4,5,4,5,5,5,5,,0.7245,0.7245,0.7245,0.632,0.596,0.6615,0.666,4.729,4.358525346,4.1,0.6,,0.596,0.785,0.612,0.84,0.835,0.85,0.82,5.338,4.732269504,4.5,0.8
179,Meredith Gilson,MD,Family Medicine,Female,48,1,10,3.9,4.0,4.0,4.0,4.0,4.0,4.0,4.0,13,4.8,4,4,4,5,5,4,5,,0.644,0.644,0.644,0.632,0.596,0.588,0.592,4.34,4,3.9,0.4,,0.596,0.628,0.612,0.84,0.835,0.68,0.82,5.011,4.442375887,4.8,0.2
180,Michael Edwards,MD,Family Medicine,Male,68,1,14,4.6,4.5,4.5,4.5,4.5,4.5,5.0,5.0,8,4.5,3,3,3,5,5,3,3,,0.7245,0.7245,0.7245,0.711,0.6705,0.735,0.74,5.03,4.6359447,4.6,0.4,,0.447,0.471,0.459,0.84,0.835,0.51,0.492,4.054,3.593971631,4.5,-0.4
181,Michael Pangan,MD,Family Medicine,Male,51,1,8,4.6,4.5,4.5,4.5,5.0,4.5,4.5,4.5,8,4.8,4,4,4,4,4,4,4,,0.7245,0.7245,0.7245,0.79,0.6705,0.6615,0.666,4.9615,4.57281106,4.6,0.4,,0.596,0.628,0.612,0.672,0.668,0.68,0.656,4.512,4,4.8,-0.3
182,Michael Ennis,MD,Family Medicine,Male,63,1,7,5.0,5.0,5.0,5.0,5.0,4.5,4.5,5.0,6,4.3,3,5,5,5,5,5,5,,0.805,0.805,0.805,0.79,0.6705,0.6615,0.74,5.277,4.86359447,5.0,0.3,,0.447,0.785,0.765,0.84,0.835,0.85,0.82,5.342,4.735815603,4.3,1.0
183,Michael Rosenberg,DO,Family Medicine,Male,72,1,9,5.0,5.0,5.0,5.0,5.0,5.0,5.0,5.0,11,4.4,4,4,4,4,4,4,4,,0.805,0.805,0.805,0.79,0.745,0.735,0.74,5.425,5,5.0,0.4,,0.596,0.628,0.612,0.672,0.668,0.68,0.656,4.512,4,4.4,0.1
184,Michael Wu,MD,Family Medicine,Male,42,1,9,4.6,4.5,4.5,5.0,5.0,4.5,5.0,5.0,12,4.1,5,5,5,3,4,4,4,,0.7245,0.7245,0.805,0.79,0.6705,0.735,0.74,5.1895,4.782949309,4.6,0.6,,0.745,0.785,0.765,0.504,0.668,0.68,0.656,4.803,4.257978723,4.1,0.7
185,Michael Kaploe,DO,Family Medicine,Male,51,1,9,5.0,5.0,5.0,5.0,5.0,4.5,5.0,5.0,6,3.9,4,4,4,4,4,4,4,,0.805,0.805,0.805,0.79,0.6705,0.735,0.74,5.3505,4.931336406,5.0,0.4,,0.596,0.628,0.612,0.672,0.668,0.68,0.656,4.512,4,3.9,0.6
186,Michael Felder,DO,Family Medicine,Male,63,1,7,5.0,5.0,5.0,5.0,5.0,4.5,4.5,4.0,22,4.6,5,4,5,5,5,5,5,,0.805,0.805,0.805,0.79,0.6705,0.6615,0.592,5.129,4.72718894,5.0,0.1,,0.745,0.628,0.765,0.84,0.835,0.85,0.82,5.483,4.860815603,4.6,0.9
187,Michael Kevin Cozzi,MD,Family Medicine,Male,49,1,10,3.3,4.0,4.0,4.0,4.0,3.0,4.0,3.5,15,4.1,4,4,5,4,4,5,4,,0.644,0.644,0.644,0.632,0.447,0.588,0.518,4.117,3.794470046,3.3,0.8,,0.596,0.628,0.765,0.672,0.668,0.85,0.656,4.835,4.286347518,4.1,0.7
188,Michele Parker,MD,Family Medicine,Female,57,1,7,4.4,4.5,4.5,4.5,4.5,4.5,4.0,4.5,6,4.7,4,5,5,5,5,5,5,,0.7245,0.7245,0.7245,0.711,0.6705,0.588,0.666,4.809,4.432258065,4.4,0.4,,0.596,0.785,0.765,0.84,0.835,0.85,0.82,5.491,4.867907801,4.7,0.8
189,Moushumi Mozumder,MD,Family Medicine,Female,51,1,14,3.4,3.5,3.5,3.5,4.0,4.0,4.0,4.0,6,4.3,4,4,5,4,4,4,4,,0.5635,0.5635,0.5635,0.632,0.596,0.588,0.592,4.0985,3.777419355,3.4,0.7,,0.596,0.628,0.765,0.672,0.668,0.68,0.656,4.665,4.135638298,4.3,0.4
190,Muhammad Mowla,MD,Family Medicine,Male,44,1,24,3.0,3.0,3.0,3.0,3.0,3.5,3.5,3.5,7,3.3,4,3,4,3,3,3,3,,0.483,0.483,0.483,0.474,0.5215,0.5145,0.518,3.477,3.204608295,3.0,0.5,,0.596,0.471,0.612,0.504,0.501,0.51,0.492,3.686,3.267730496,3.3,0.4
191,Nadia Khan,MD,Family Medicine,Female,41,1,14,3.7,3.5,3.5,3.5,4.0,3.5,4.0,3.5,9,3.0,2,2,2,2,3,2,3,,0.5635,0.5635,0.5635,0.632,0.5215,0.588,0.518,3.95,3.640552995,3.7,0.3,,0.298,0.314,0.306,0.336,0.501,0.34,0.492,2.587,2.293439716,3.0,-0.4
192,Nancy Berley,MD,Family Medicine,Female,48,1,9,3.8,4.0,4.0,3.5,3.5,4.5,5.0,5.0,7,5.0,4,5,4,4,5,5,4,,0.644,0.644,0.5635,0.553,0.6705,0.735,0.74,4.55,4.193548387,3.8,0.8,,0.596,0.785,0.612,0.672,0.835,0.85,0.656,5.006,4.437943262,5.0,0.0
193,Nanyee Keyes,MD,Family Medicine,Female,58,1,7,4.6,4.5,4.5,4.5,4.5,5.0,5.0,5.0,21,3.4,3,3,3,2,3,3,2,,0.7245,0.7245,0.7245,0.711,0.745,0.735,0.74,5.1045,4.704608295,4.6,0.5,,0.447,0.471,0.459,0.336,0.501,0.51,0.328,3.052,2.705673759,3.4,-0.3
194,Nasim Ghaffar,MD,Family Medicine,Female,73,1,46,3.8,4.0,4.0,4.0,4.0,4.0,4.0,4.0,5,5.0,5,5,5,5,5,5,5,,0.644,0.644,0.644,0.632,0.596,0.588,0.592,4.34,4,3.8,0.5,,0.745,0.785,0.765,0.84,0.835,0.85,0.82,5.64,5,5.0,0.6
195,Nathan Beraha,MD,Pediatric Cardiology,Male,64,1,14,4.4,4.5,4.5,4.5,4.5,4.0,4.5,4.0,9,4.1,4,3,4,3,3,4,4,,0.7245,0.7245,0.7245,0.711,0.596,0.6615,0.592,4.734,4.363133641,4.4,0.3,,0.596,0.471,0.612,0.504,0.501,0.68,0.656,4.02,3.563829787,4.1,-0.1
196,Nausheen Hussain,MD,Family Medicine,Female,38,1,6,4.2,4.0,4.5,4.0,3.5,4.0,4.0,4.0,5,5.0,4,5,5,5,5,5,4,,0.644,0.7245,0.644,0.553,0.596,0.588,0.592,4.3415,4.001382488,4.2,0.1,,0.596,0.785,0.765,0.84,0.835,0.85,0.656,5.327,4.72251773,5.0,0.3
197,Nicholas Phillips III,DO,Family Medicine,Male,65,1,12,4.7,5.0,5.0,5.0,5.0,4.5,5.0,4.5,22,4.3,4,4,4,4,4,4,4,,0.805,0.805,0.805,0.79,0.6705,0.735,0.666,5.2765,4.863133641,4.7,0.6,,0.596,0.628,0.612,0.672,0.668,0.68,0.656,4.512,4,4.3,0.2
198,Nicolas Nguyen,MD,Family Medicine,Male,38,1,11,3.9,3.5,4.0,4.0,4.0,4.5,4.5,4.5,28,4.4,5,4,4,4,4,4,4,,0.5635,0.644,0.644,0.632,0.6705,0.6615,0.666,4.4815,4.130414747,3.9,0.6,,0.745,0.628,0.612,0.672,0.668,0.68,0.656,4.661,4.132092199,4.4,0.3
199,Nicole Badie,MD,Family Medicine,Female,#NULL!,1,13,3.8,4.0,4.0,3.5,4.0,4.5,4.5,4.5,7,1.7,3,3,3,3,2,3,2,,0.644,0.644,0.5635,0.632,0.6705,0.6615,0.666,4.4815,4.130414747,3.8,0.7,,0.447,0.471,0.459,0.504,0.334,0.51,0.328,3.053,2.706560284,1.7,1.4
200,Nicole Winters,MD,Family Medicine,Female,39,1,11,3.6,3.5,3.5,3.5,3.5,3.5,4.0,4.0,7,3.9,3,3,3,3,3,3,3,,0.5635,0.5635,0.5635,0.553,0.5215,0.588,0.592,3.945,3.6359447,3.6,0.3,,0.447,0.471,0.459,0.504,0.501,0.51,0.492,3.384,3,3.9,-0.5
201,Olga Minkoff,MD,Family Medicine,Female,50,1,30,2.9,3.0,3.0,3.5,3.5,3.5,4.0,3.5,27,3.6,4,3,3,3,3,3,3,,0.483,0.483,0.5635,0.553,0.5215,0.588,0.518,3.71,3.419354839,2.9,0.8,,0.596,0.471,0.459,0.504,0.501,0.51,0.492,3.533,3.132092199,3.6,-0.1
202,Parra Tomkins,MD,Family Medicine,Female,49,1,23,5.0,5.0,5.0,5.0,5.0,4.5,4.5,4.5,11,4.9,4,4,4,5,5,5,4,,0.805,0.805,0.805,0.79,0.6705,0.6615,0.666,5.203,4.795391705,5.0,0.2,,0.596,0.628,0.612,0.84,0.835,0.85,0.656,5.017,4.447695035,4.9,0.1
203,Patricia Sereno,MD,Family Medicine,Female,55,1,17,4.9,5.0,5.0,5.0,5.0,4.5,4.5,4.5,29,4.8,4,4,4,4,5,4,4,,0.805,0.805,0.805,0.79,0.6705,0.6615,0.666,5.203,4.795391705,4.9,0.3,,0.596,0.628,0.612,0.672,0.835,0.68,0.656,4.679,4.148049645,4.8,-0.1
204,Paul Boffetti,MD,Cardiology,Male,61,1,7,4.4,4.5,5.0,5.0,5.0,4.5,4.5,4.5,5,4.4,5,5,5,5,3,3,2,,0.7245,0.805,0.805,0.79,0.6705,0.6615,0.666,5.1225,4.721198157,4.4,0.7,,0.745,0.785,0.765,0.84,0.501,0.51,0.328,4.474,3.966312057,4.4,0.1
205,Paul Gordon,MD,Cardiology,Male,59,1,8,4.5,4.5,4.5,4.5,4.5,4.5,4.5,4.5,10,3.7,5,5,5,5,5,5,5,,0.7245,0.7245,0.7245,0.711,0.6705,0.6615,0.666,4.8825,4.5,4.5,0.4,,0.745,0.785,0.765,0.84,0.835,0.85,0.82,5.64,5,3.7,1.9
206,Paul Collins,MD,Family Medicine,Male,64,1,11,3.8,3.5,4.0,4.0,4.0,4.5,4.5,4.0,11,4.5,4,4,4,4,4,4,3,,0.5635,0.644,0.644,0.632,0.6705,0.6615,0.592,4.4075,4.062211982,3.8,0.6,,0.596,0.628,0.612,0.672,0.668,0.68,0.492,4.348,3.854609929,4.5,-0.2
207,Paul Ketro,MD,Family Medicine,Male,54,1,9,3.2,3.5,3.5,3.0,3.0,4.0,4.0,3.5,12,3.1,3,3,3,3,2,2,2,,0.5635,0.5635,0.483,0.474,0.596,0.588,0.518,3.786,3.489400922,3.2,0.6,,0.447,0.471,0.459,0.504,0.334,0.34,0.328,2.883,2.555851064,3.1,-0.2
208,Perry Farb,DO,Family Medicine,Male,66,1,5,4.2,4.0,4.0,4.5,4.5,3.5,4.5,4.5,14,5.0,4,4,4,4,5,5,5,,0.644,0.644,0.7245,0.711,0.5215,0.6615,0.666,4.5725,4.214285714,4.2,0.4,,0.596,0.628,0.612,0.672,0.835,0.85,0.82,5.013,4.444148936,5.0,0.0
209,Peter Barley,MD,Family Medicine,Male,59,1,12,4.7,5.0,5.0,5.0,5.0,4.5,4.5,5.0,15,4.7,4,4,4,4,4,4,4,,0.805,0.805,0.805,0.79,0.6705,0.6615,0.74,5.277,4.86359447,4.7,0.6,,0.596,0.628,0.612,0.672,0.668,0.68,0.656,4.512,4,4.7,-0.2
210,Peter Brassard,MD,Family Medicine,Male,61,1,20,4.6,4.5,4.5,4.5,5.0,5.0,5.0,5.0,30,4.6,5,5,5,4,4,4,5,,0.7245,0.7245,0.7245,0.79,0.745,0.735,0.74,5.1835,4.777419355,4.6,0.6,,0.745,0.785,0.765,0.672,0.668,0.68,0.82,5.135,4.552304965,4.6,0.5
211,Phillip Fichera,MD,Family Medicine,Male,57,1,7,3.6,3.5,4.0,4.0,4.5,3.5,4.0,3.5,9,4.3,4,3,4,4,4,4,4,,0.5635,0.644,0.644,0.711,0.5215,0.588,0.518,4.19,3.861751152,3.6,0.6,,0.596,0.471,0.612,0.672,0.668,0.68,0.656,4.355,3.860815603,4.3,0.1
212,Phillip Fournier,MD,Family Medicine,Male,60,1,7,5.0,5.0,5.0,5.0,5.0,4.5,5.0,5.0,12,4.7,4,4,5,5,5,5,5,,0.805,0.805,0.805,0.79,0.6705,0.735,0.74,5.3505,4.931336406,5.0,0.4,,0.596,0.628,0.765,0.84,0.835,0.85,0.82,5.334,4.728723404,4.7,0.6
213,Piamarie Ballarin-Feldman,MD,Family Medicine,Female,60,1,10,4.4,5.0,5.0,4.5,4.5,4.0,5.0,4.5,24,4.3,4,4,4,4,4,4,4,,0.805,0.805,0.7245,0.711,0.596,0.735,0.666,5.0425,4.647465438,4.4,0.6,,0.596,0.628,0.612,0.672,0.668,0.68,0.656,4.512,4,4.3,0.2
214,Pierre Dionne,MD,Family Medicine,Male,59,1,49,3.5,3.5,3.5,3.5,3.5,3.0,3.5,3.5,25,4.6,4,4,4,5,5,5,5,,0.5635,0.5635,0.5635,0.553,0.447,0.5145,0.518,3.723,3.431336406,3.5,0.2,,0.596,0.628,0.612,0.84,0.835,0.85,0.82,5.181,4.593085106,4.6,0.6
215,Quang Le,MD,Family Medicine,Male,46,1,7,4.4,4.5,4.5,4.5,4.5,4.5,4.0,4.5,7,3.6,3,3,2,3,3,3,4,,0.7245,0.7245,0.7245,0.711,0.6705,0.588,0.666,4.809,4.432258065,4.4,0.4,,0.447,0.471,0.306,0.504,0.501,0.51,0.656,3.395,3.009751773,3.6,-0.2
216,Raffia Qutab,MD,Family Medicine,Female,55,1,43,4.0,4.0,4.0,4.0,4.0,4.0,4.5,4.0,5,3.0,5,5,5,4,5,5,5,,0.644,0.644,0.644,0.632,0.596,0.6615,0.592,4.4135,4.067741935,4.0,0.4,,0.745,0.785,0.765,0.672,0.835,0.85,0.82,5.472,4.85106383,3.0,2.5
217,Rani Alexander,MD,Family Medicine,Female,43,1,24,3.0,3.5,3.5,3.5,3.5,4.0,4.0,4.0,14,3.9,3,3,3,3,3,3,3,,0.5635,0.5635,0.5635,0.553,0.596,0.588,0.592,4.0195,3.704608295,3.0,1.0,,0.447,0.471,0.459,0.504,0.501,0.51,0.492,3.384,3,3.9,-0.5
218,Rima Downs,DO,Family Medicine,Female,57,1,10,4.6,5.0,5.0,5.0,4.5,4.5,4.5,4.5,14,4.2,4,3,4,4,4,4,3,,0.805,0.805,0.805,0.711,0.6705,0.6615,0.666,5.124,4.722580645,4.6,0.5,,0.596,0.471,0.612,0.672,0.668,0.68,0.492,4.191,3.715425532,4.2,0.0
219,Robert Babineau Jr,MD,Family Medicine,Male,71,1,5,5.0,5.0,5.0,5.0,5.0,5.0,5.0,5.0,24,4.1,4,4,4,4,5,4,4,,0.805,0.805,0.805,0.79,0.745,0.735,0.74,5.425,5,5.0,0.4,,0.596,0.628,0.612,0.672,0.835,0.68,0.656,4.679,4.148049645,4.1,0.6
220,Robert Quirbach,MD,Family Medicine,Male,60,1,14,5.0,5.0,5.0,5.0,5.0,5.0,5.0,5.0,12,4.9,4,4,4,4,5,5,4,,0.805,0.805,0.805,0.79,0.745,0.735,0.74,5.425,5,5.0,0.4,,0.596,0.628,0.612,0.672,0.835,0.85,0.656,4.849,4.298758865,4.9,-0.1
221,Robert Yager,MD,Family Medicine,Male,68,1,10,5.0,5.0,5.0,5.0,5.0,5.0,5.0,5.0,9,4.4,5,5,5,5,5,5,5,,0.805,0.805,0.805,0.79,0.745,0.735,0.74,5.425,5,5.0,0.4,,0.745,0.785,0.765,0.84,0.835,0.85,0.82,5.64,5,4.4,1.2
222,Robert Gagnon II,MD,Family Medicine,Male,56,1,33,3.1,3.5,3.5,3.5,4.0,4.0,3.5,3.5,25,3.5,3,3,3,3,3,3,3,,0.5635,0.5635,0.5635,0.632,0.596,0.5145,0.518,3.951,3.641474654,3.1,0.9,,0.447,0.471,0.459,0.504,0.501,0.51,0.492,3.384,3,3.5,-0.1
223,Robert Howe,DO,Family Medicine,Male,51,1,9,3.9,4.5,4.5,4.5,4.5,4.5,4.5,4.0,12,4.4,4,4,4,4,4,4,3,,0.7245,0.7245,0.7245,0.711,0.6705,0.6615,0.592,4.8085,4.431797235,3.9,0.9,,0.596,0.628,0.612,0.672,0.668,0.68,0.492,4.348,3.854609929,4.4,-0.1
224,Robert Mike-Mayer,MD,Family Medicine,Male,53,1,5,3.4,3.5,3.5,3.5,3.5,3.5,3.0,3.0,7,4.4,5,5,4,5,5,5,5,,0.5635,0.5635,0.5635,0.553,0.5215,0.441,0.444,3.65,3.3640553,3.4,0.3,,0.745,0.785,0.612,0.84,0.835,0.85,0.82,5.487,4.864361702,4.4,1.1
225,Roger Breitbart,MD,Pediatric Cardiology,Male,63,1,7,5.0,5.0,5.0,5.0,5.0,5.0,5.0,5.0,8,4.9,4,4,5,5,5,5,5,,0.805,0.805,0.805,0.79,0.745,0.735,0.74,5.425,5,5.0,0.4,,0.596,0.628,0.765,0.84,0.835,0.85,0.82,5.334,4.728723404,4.9,0.4
226,Rupal Thakor,MD,Family Medicine,Female,#NULL!,1,6,2.8,2.5,3.0,2.5,3.0,3.5,4.0,3.5,6,3.3,2,1,1,1,3,2,3,,0.4025,0.483,0.4025,0.474,0.5215,0.588,0.518,3.3895,3.123963134,2.8,0.6,,0.298,0.157,0.153,0.168,0.501,0.34,0.492,2.109,1.869680851,3.3,-1.2
227,Ryan Kramer,MD,Family Medicine,Male,41,1,5,4.2,4.0,4.5,4.0,4.0,4.0,4.5,4.5,13,4.2,5,5,5,4,5,4,4,,0.644,0.7245,0.644,0.632,0.596,0.6615,0.666,4.568,4.210138249,4.2,0.4,,0.745,0.785,0.765,0.672,0.835,0.68,0.656,5.138,4.554964539,4.2,0.9
228,Sachin Maskey,MD,Family Medicine,Male,40,1,9,3.6,3.5,3.5,3.5,4.0,4.5,4.5,4.5,7,3.7,2,2,3,3,3,3,3,,0.5635,0.5635,0.5635,0.632,0.6705,0.6615,0.666,4.3205,3.98202765,3.6,0.7,,0.298,0.314,0.459,0.504,0.501,0.51,0.492,3.078,2.728723404,3.7,-0.6
229,Safana Mushtaq,MD,Family Medicine,Female,44,1,11,3.2,3.5,3.5,3.5,3.0,3.5,4.0,4.0,13,4.0,4,4,4,4,4,4,4,,0.5635,0.5635,0.5635,0.474,0.5215,0.588,0.592,3.866,3.563133641,3.2,0.7,,0.596,0.628,0.612,0.672,0.668,0.68,0.656,4.512,4,4.0,0.5
230,Sailaja Allaparthi,MD,Family Medicine,Female,45,1,7,4.4,4.5,4.5,4.5,4.5,4.5,4.5,4.5,7,4.0,5,5,5,5,5,5,5,,0.7245,0.7245,0.7245,0.711,0.6705,0.6615,0.666,4.8825,4.5,4.4,0.5,,0.745,0.785,0.765,0.84,0.835,0.85,0.82,5.64,5,4.0,1.6
231,Sally Alwan,MD,Family Medicine,Female,42,1,6,2.3,2.0,2.5,2.5,2.5,3.5,3.5,3.0,6,4.5,4,4,4,4,5,4,4,,0.322,0.4025,0.4025,0.395,0.5215,0.5145,0.444,3.002,2.766820276,2.3,0.7,,0.596,0.628,0.612,0.672,0.835,0.68,0.656,4.679,4.148049645,4.5,0.2
232,Sarah Murai,MD,Family Medicine,Female,48,1,11,3.6,3.5,3.5,3.5,4.0,4.0,4.5,4.0,5,3.2,3,3,5,3,3,3,3,,0.5635,0.5635,0.5635,0.632,0.596,0.6615,0.592,4.172,3.84516129,3.6,0.6,,0.447,0.471,0.765,0.504,0.501,0.51,0.492,3.69,3.271276596,3.2,0.5
233,Sazia Nowrin,MD,Family Medicine,Female,46,1,11,3.9,4.0,4.0,4.0,4.0,4.0,5.0,4.5,7,3.3,2,2,2,2,3,2,1,,0.644,0.644,0.644,0.632,0.596,0.735,0.666,4.561,4.203686636,3.9,0.7,,0.298,0.314,0.306,0.336,0.501,0.34,0.164,2.259,2.002659574,3.3,-1.0
234,Scott Lauermann,MD,Family Medicine,Male,69,1,22,3.7,4.0,3.5,3.5,4.0,3.5,4.0,3.5,22,3.7,3,4,3,4,3,3,4,,0.644,0.5635,0.5635,0.632,0.5215,0.588,0.518,4.0305,3.714746544,3.7,0.3,,0.447,0.628,0.459,0.672,0.501,0.51,0.656,3.873,3.433510638,3.7,0.2
235,Shafiq Mamdani,MD,Cardiology,Male,51,1,8,4.8,5.0,5.0,5.0,5.0,5.0,5.0,5.0,8,4.8,5,5,4,5,5,5,5,,0.805,0.805,0.805,0.79,0.745,0.735,0.74,5.425,5,4.8,0.6,,0.745,0.785,0.612,0.84,0.835,0.85,0.82,5.487,4.864361702,4.8,0.7
236,Stephen Butler,DO,Family Medicine,Male,60,1,9,4.4,4.5,4.5,4.5,4.5,4.0,4.0,3.5,16,4.4,4,3,3,3,4,4,3,,0.7245,0.7245,0.7245,0.711,0.596,0.588,0.518,4.5865,4.22718894,4.4,0.2,,0.596,0.471,0.459,0.504,0.668,0.68,0.492,3.87,3.430851064,4.4,-0.5
237,Stephen Weedon,MD,Family Medicine,Male,62,1,7,4.3,4.0,4.5,4.5,4.5,5.0,4.0,5.0,5,5.0,5,3,4,5,5,5,4,,0.644,0.7245,0.7245,0.711,0.745,0.588,0.74,4.877,4.494930876,4.3,0.6,,0.745,0.471,0.612,0.84,0.835,0.85,0.656,5.009,4.440602837,5.0,0.0
238,Sumathi Rajanna,MD,Family Medicine,Female,#NULL!,1,6,3.8,4.0,4.0,4.0,4.0,4.5,4.5,4.5,6,5.0,4,4,4,4,4,4,4,,0.644,0.644,0.644,0.632,0.6705,0.6615,0.666,4.562,4.204608295,3.8,0.8,,0.596,0.628,0.612,0.672,0.668,0.68,0.656,4.512,4,5.0,-0.5
239,Sunita Godiwala,MD,Family Medicine,Female,62,1,18,2.7,3.0,3.0,3.0,3.0,3.0,3.0,3.0,21,2.0,2,2,1,2,1,2,2,,0.483,0.483,0.483,0.474,0.447,0.441,0.444,3.255,3,2.7,0.6,,0.298,0.314,0.153,0.336,0.167,0.34,0.328,1.936,1.716312057,2.0,-0.1
240,Susan Young,MD,Family Medicine,Female,55,1,6,3.0,3.0,3.5,3.0,3.0,3.5,4.0,4.0,13,2.8,2,2,2,2,2,2,2,,0.483,0.5635,0.483,0.474,0.5215,0.588,0.592,3.705,3.414746544,3.0,0.7,,0.298,0.314,0.306,0.336,0.334,0.34,0.328,2.256,2,2.8,-0.5
241,Syed Ali,MD,Family Medicine,Male,57,1,16,3.1,3.0,3.5,3.0,3.5,3.5,4.0,3.5,5,2.0,3,4,4,3,2,3,3,,0.483,0.5635,0.483,0.553,0.5215,0.588,0.518,3.71,3.419354839,3.1,0.6,,0.447,0.628,0.612,0.504,0.334,0.51,0.492,3.527,3.12677305,2.0,1.5
242,Tatyana Sayko,MD,Family Medicine,Female,58,1,19,4.4,5.0,5.0,4.5,4.5,4.5,4.5,4.5,10,5.0,5,5,4,5,5,5,5,,0.805,0.805,0.7245,0.711,0.6705,0.6615,0.666,5.0435,4.648387097,4.4,0.6,,0.745,0.785,0.612,0.84,0.835,0.85,0.82,5.487,4.864361702,5.0,0.5
243,Thomas Astolfi,MD,Family Medicine,Male,64,1,7,2.7,3.5,3.5,3.0,2.5,3.0,3.5,3.0,7,4.0,4,3,4,4,4,4,3,,0.5635,0.5635,0.483,0.395,0.447,0.5145,0.444,3.4105,3.143317972,2.7,0.7,,0.596,0.471,0.612,0.672,0.668,0.68,0.492,4.191,3.715425532,4.0,0.2
244,Thomas Jaquith-Houston,MD,Family Medicine,Male,41,1,14,5.0,5.0,5.0,5.0,5.0,4.5,4.5,4.0,22,4.8,5,4,4,4,5,5,4,,0.805,0.805,0.805,0.79,0.6705,0.6615,0.592,5.129,4.72718894,5.0,0.1,,0.745,0.628,0.612,0.672,0.835,0.85,0.656,4.998,4.430851064,4.8,0.2
245,Timothy Keenan,MD,Family Medicine,Male,48,1,12,4.1,4.5,4.5,4.5,4.5,4.0,4.0,4.0,18,3.9,4,3,4,3,4,4,4,,0.7245,0.7245,0.7245,0.711,0.596,0.588,0.592,4.6605,4.295391705,4.1,0.6,,0.596,0.471,0.612,0.504,0.668,0.68,0.656,4.187,3.711879433,3.9,0.3
246,Tricia Vorderstrasse,MD,Family Medicine,Female,46,1,26,3.2,3.5,3.5,3.5,3.5,3.5,3.5,3.5,45,3.5,4,3,3,3,4,4,3,,0.5635,0.5635,0.5635,0.553,0.5215,0.5145,0.518,3.7975,3.5,3.2,0.6,,0.596,0.471,0.459,0.504,0.668,0.68,0.492,3.87,3.430851064,3.5,0.4
247,Uma Kolli,MD,Family Medicine,Female,43,1,9,5.0,5.0,5.0,5.0,5.0,5.0,5.0,5.0,24,4.6,4,4,4,4,5,5,4,,0.805,0.805,0.805,0.79,0.745,0.735,0.74,5.425,5,5.0,0.4,,0.596,0.628,0.612,0.672,0.835,0.85,0.656,4.849,4.298758865,4.6,0.2
248,Valerie Danielson,MD,Family Medicine,Female,45,1,12,4.1,4.5,4.5,4.5,4.5,4.0,4.5,4.5,13,4.0,4,4,4,4,4,4,4,,0.7245,0.7245,0.7245,0.711,0.596,0.6615,0.666,4.808,4.431336406,4.1,0.7,,0.596,0.628,0.612,0.672,0.668,0.68,0.656,4.512,4,4.0,0.5
249,Valerie Moreland,MD,Family Medicine,Female,51,1,12,4.4,4.5,4.5,4.5,5.0,4.0,4.5,3.5,21,3.4,3,4,4,4,4,4,3,,0.7245,0.7245,0.7245,0.79,0.596,0.6615,0.518,4.739,4.367741935,4.4,0.3,,0.447,0.628,0.612,0.672,0.668,0.68,0.492,4.199,3.72251773,3.4,0.8
250,Veronica Rusu,MD,Family Medicine,Female,67,1,15,4.1,4.5,4.5,4.0,4.5,4.0,4.5,4.5,7,3.6,4,4,4,3,4,3,3,,0.7245,0.7245,0.644,0.711,0.596,0.6615,0.666,4.7275,4.357142857,4.1,0.6,,0.596,0.628,0.612,0.504,0.668,0.51,0.492,4.01,3.554964539,3.6,0.4
251,Walid Saber,MD,Cardiology,Male,46,1,9,3.2,3.0,3.0,3.0,3.0,3.5,3.5,4.0,7,4.0,4,4,4,4,4,4,4,,0.483,0.483,0.483,0.474,0.5215,0.5145,0.592,3.551,3.27281106,3.2,0.4,,0.596,0.628,0.612,0.672,0.668,0.68,0.656,4.512,4,4.0,0.5
252,William Friedman,MD,Family Medicine,Male,68,1,9,4.1,4.5,4.5,4.5,4.5,5.0,4.5,4.5,7,4.0,5,4,4,4,3,4,3,,0.7245,0.7245,0.7245,0.711,0.745,0.6615,0.666,4.957,4.568663594,4.1,0.9,,0.745,0.628,0.612,0.672,0.501,0.68,0.492,4.33,3.838652482,4.0,0.3
253,Yuko McColgan,MD,Family Medicine,Female,42,1,22,2.8,3.0,3.0,3.0,3.0,3.5,3.5,3.5,102,3.9,4,4,4,4,3,3,3,,0.483,0.483,0.483,0.474,0.5215,0.5145,0.518,3.477,3.204608295,2.8,0.7,,0.596,0.628,0.612,0.672,0.501,0.51,0.492,4.011,3.555851064,3.9,0.1
254,Zainab Nawab,MD,Family Medicine,Female,46,1,8,4.5,4.0,4.0,4.5,4.5,4.0,4.5,4.5,8,4.1,4,4,5,5,5,5,5,,0.644,0.644,0.7245,0.711,0.596,0.6615,0.666,4.647,4.282949309,4.5,0.1,,0.596,0.628,0.765,0.84,0.835,0.85,0.82,5.334,4.728723404,4.1,1.2
255,Zbigniew Dombek,MD,Family Medicine,Male,61,1,24,3.5,3.5,4.0,3.5,3.5,4.0,3.5,3.5,26,3.8,4,4,4,3,3,3,3,,0.5635,0.644,0.5635,0.553,0.596,0.5145,0.518,3.9525,3.642857143,3.5,0.5,,0.596,0.628,0.612,0.504,0.501,0.51,0.492,3.843,3.406914894,3.8,0.0
256,Youko Yeracaris,MD,Family Medicine,Female,67,1,5,3.4,3.5,3.5,3.0,3.5,3.0,3.5,3.5,10,4.1,3,3,3,3,3,4,2,,0.5635,0.5635,0.483,0.553,0.447,0.5145,0.518,3.6425,3.357142857,3.4,0.2,,0.447,0.471,0.459,0.504,0.501,0.68,0.328,3.39,3.005319149,4.1,-0.7